review,rating,date,language,restaurant
Mer,50,februari 2023,SE,Faire Brunch & Drinks
,50,februari 2023,SE,Faire Brunch & Drinks
,50,januari 2023,SE,Faire Brunch & Drinks
Mer,50,januari 2023,SE,Faire Brunch & Drinks
Mer,50,december 2022,SE,Faire Brunch & Drinks
Mer,50,november 2022,SE,Faire Brunch & Drinks
,50,november 2022,SE,Faire Brunch & Drinks
WOW! Vad √§r det h√§r?! De mest underbara sm√• matbitarna som √§r perfekta att dela med sig eller √§ta upp sj√§lv. K√∂pte f√∂r mig och tjejen‚Ä¶men r√•kade √§ta upp allt sj√§lv. F√•r ta med henne och k√∂pa fler imorgon. Tino‚Äôs! My new favorite type of...street food! üëèüèæMer,50,juli 2022,SE,"Tino, esto no es una pizzer√≠a"
Riktigt goda sm√• pizza‚Äùbollar‚Äù till rimligt pris. Sp√§nnande och bra smakkombinationer. Rekommenderar!,40,mars 2022,SE,"Tino, esto no es una pizzer√≠a"
Mer,50,oktober 2022,SE,Lato Caf√© - Breakfast Brunch y Ceviches
,50,oktober 2022,SE,Lato Caf√© - Breakfast Brunch y Ceviches
Mer,50,september 2022,SE,Lato Caf√© - Breakfast Brunch y Ceviches
,50,september 2022,SE,Lato Caf√© - Breakfast Brunch y Ceviches
Mer,50,augusti 2022,SE,Lato Caf√© - Breakfast Brunch y Ceviches
Mer,50,juli 2022,SE,Cremat Lounge
"Ciao!
Jag passerade genom Barcelona och av misstag kom in p√• Il Presidente, jag √•t v√§ldigt bra, den italienska pinsa var mycket bra och Alessio en riktigt trevlig och v√§nlig italiensk kille. Jag rekommenderar det verkligen om du √•ker till Barcelona och vill ha er...trevlig och fin stund med gott folk...Mer",50,september 2020,SE,Dal Presidente Bar
"Platsen var i n√§rheten och de hade fantastisk mat och bra service. Kommer tillbaka f√∂rhoppningsvis snart, inte mycket pizza av god kvalitet i n√§rheten.",50,mars 2020,SE,Dal Presidente Bar
"Vilken h√§rlig grupp m√§nniskor! N√§r vi tittade p√• menyn utanf√∂r h√§lsades vi snabbt av √§garens fru som fr√•gade om vi hade n√•gra fr√•gor om maten. Vi hade flera livliga samtal med personalen, som visade sig vara lika minnesv√§rd som den √§kta italienska pinsa som de...tj√§nade oss.Mer",50,juli 2019,SE,Dal Presidente Bar
"√Ñgaren √§r s√• trevlig och glad att pizzaen √§r √§nnu b√§ttre, sade han att familjen √§r f√∂r Italien och f√∂reslog att prova pastan men v√§lja en annan pizza eftersom smaken av den f√∂rsta. Den andra toppade det! Prova denna placeb",50,juli 2019,SE,Dal Presidente Bar
"Tj√§nsten du f√•r √§r utm√§rkt, mycket v√§nlig och passionerad om hans mat och dryck.
Vi hade en pizza att dela och det var otroligt. Skulle rekommendera till alla. Vi kommer tillbaka",50,juli 2019,SE,Dal Presidente Bar
"Hola la comida era muy bien. La pizza era perfekto y el cafe es maravilloso. Somos √§r grupos de siete y disfrutamos Las comida.
Tj√§nsten √§r stor och paret som driver restaurangen √§r mycket bra.

Vi skulle komma hit igen",50,juni 2019,SE,Dal Presidente Bar
"K√∂r av en h√§rlig italiensk par Alessio och Carol. Mycket v√§nlig service, bra mat, s√§rskilt pizza romana och det b√§sta italienska kaffet i staden! De har ocks√• ett bra √∂lutbud. Om du √§r i omr√•det, kolla definitivt denna plats!",50,juni 2019,SE,Dal Presidente Bar
"Maten
Fantastiska smaker med perfekt kombinerade viner. H√∂jdpunkten en aubergine ‚Äùsoppa‚Äù som jag ej kan ej beskriva i ord. Vinerna hela tiden perfekt kompletterande.

Personal
Borde f√• mer √§n 5 i betyg. Humor med v√§rme. V√§ldigt kunniga och all mat och vin presenteras med en...historia som f√•r dig att bli otroligt nyfiken.

Sammantaget en fantastisk upplevelse. Skulle ej hittat restaurangen utan tidigare omd√∂men men ett absolut m√•ste att bes√∂ka when in town.Mer",50,juni 2022,SE,Con Gracia
Fantastisk restaurang p√• alla s√§tt och vis! En smakupplevelse ut√∂ver det vanliga och extremt trevlig och kunnig personal!,50,april 2018,SE,Con Gracia
"Jag och min fru bes√∂kte Con Gracia 8 dec och fick en smakupplevelse ut√∂ver det vanliga. Mat, dryck och service h√∂ll absolut toppklass. Ankan och risotton med tryffel var en upplevelse vi s√§llan upplevt. 
Tack f√∂r en fantastisk kv√§ll.",50,december 2017,SE,Con Gracia
"Mycket uppm√§rksam, personlig och trevlig service. Ibericok√∂ttet var en av v√•ra b√§sta k√∂ttupplevelser n√•gonsin.",50,juli 2017,SE,Con Gracia
"Tycker man om mat och vin och dessutom vill √∂verraska sina sinne s√• bokar man bord h√§r. Vi var ett s√§llskap p√• 20 personer som fick en helkv√§ll med utm√§rkt komponerad mat med lite ovanliga lokala Spanska viner. Trevlig presentation, trevlig lokal, trevlig personal och...enligt mig en klar kandidat till en Michelin-nominering.Mer",50,maj 2017,SE,Con Gracia
"Vi bes√∂kte Con Gracia under v√•r semester i barcelona och jag kan verkligen rekomendera k√∂kets avsmaknings meny. det var verkligen en upplevelse. b√•de hur maten presenteras med historia och f√∂rklaringar till varje r√§tt och till och med speciella typer av talrikar allt f√∂r att presentera...maten p√• ett s√• perfekt s√§tt som m√∂jligt. Allt var verkligen uts√∂kt gott, en av de b√§ttre upplevelserna jag har haft. Lokalen ligger lite avigt till men √§r uts√∂kt. En lugn milj√∂ med f√• bord vilket g√∂r upplevelsen familj√§r. visserligen √§r resturangen inte det billigaste av allternativen i Barcelona men mycket v√§l v√§rt ett bes√∂k, ett bes√∂kt jag garanterar att du kommer att minnas l√§nge.Mer",50,maj 2017,SE,Con Gracia
"Vi var tre v√§nner som besl√∂t oss f√∂r att boka bord hos Con Gracia.
F√∂rv√§ntningarna √∂vertr√§ffades.
Otroligt mysig restaurang, trots den strama inredningen. √Ñgaren g√∂r allt f√∂r att upplevelsen skall bli stor.",50,november 2016,SE,Con Gracia
"Litet och lugnt men fullt. En matupplevelse du inte vill missa med en avsmakningsmeny ihopsatt p√• ett excellent s√§tt. P√• kreativt, vackert och smakrikt. 
Dessutom serverad p√• ett fantastiskt s√§tt. Varje beskrivning med entusiasm och inlevelse och stolthet. Missa inte detta st√§lle üëäüèºüëçüèºüéâ",50,oktober 2016,SE,Con Gracia
"B√§sta smakupplevelse. Fantastisk mat och bra service. Kan inte annat √§n att rekommendera denna restaurang. Litet mysigt och v√§rt pengarna. Vi best√§llde kockens rekommendationer med vinpaket, och blev inte besvikna.",50,augusti 2016,SE,Con Gracia
"En mycket trevlig liten restaurang som serverar endast f√§rdigkomponerade menyer, det erbjuds 2 olika alternativ, en traditionell och en nyskapande. Ambitionsniv√•n √§r h√∂g genomg√•ende och deras vinpaket till menyn f√•r man bara inte missa, underbara lokala viner med en h√∂g kvalit√© serveras till maten genomg√•ende....Boka bord!Mer",40,juni 2016,SE,Con Gracia
Mysig lokal och bra service. Vi √•t den tillf√§lliga menyn och allt var superbra utom ett l√•ngkok p√• lamm som var lite smakl√∂s. F√∂r √∂vrigt mycket goda r√§tter som toppades av en fantastisk risotto med bl√§ckfisk.,40,oktober 2015,SE,Con Gracia
"√ñverraskande, uts√∂kt och annorlunda s√§tt att √§ta d√• restaurangen erbj√∂d att v√§lja mellan tv√• alternativ av en 7-r√§tters avsmakningsmeny. Vi valde ""kockens val"" √§ven kallad ""experience"". Kan varmt rekommendera denna restaurang om man vill ha det lilla extra och med suver√§nt bra service. Lokalen var...Mer",50,september 2015,SE,Con Gracia
Vi √•r 7-r√§tters avsmakningsmeny och den var sagolik. Vinet till var pricken √∂ver i:et. Servicen var perfekt. Rekommenderas!,50,juni 2015,SE,Con Gracia
7-r√§tters menyn var underbar och prisv√§rd. Men det som stod ut i s√§rklass var SERVICEN!!! Den b√§sta servicen jag n√•gonsin haft och kanske kommer f√• (av en lite √§ldre man som jobbat inom yrket i 26√•r om jag inte minns fel). Han beskrev allt med...Mer,50,augusti 2014,SE,Con Gracia
"Underbar, personlig service i en v√§ldigt liten restaurang. Vi valde 7-r√§tters surprise meny och ett surprise vinpaket till. √Ñlskade alla r√§tter utom fois gras. Vinet utm√§rkt. Allt otroligt vackert upplagt. En v√§ldigt speciell kv√§ll, rekommenderas!",50,juli 2014,SE,Con Gracia
En fantastisk milj√∂ med otroligt bra service. Maten var riktigt bra med goda viner till. Den ligger v√§ldigt bra I den stadsdel med gamla anor.,50,augusti 2013,SE,Con Gracia
En riktigt bra restaurang men det var ocks√• men de f√∂rv√§ntningarna vi gick dit. H√§r f√∂rv√§ntar man sig mer √§n en vanlig middag och det lever dom upp till. Jag har √§tit b√§ttre mat p√• denna typ av b√§ttre restauranger men jag vill absolut inte...Mer,40,juni 2014,SE,Con Gracia
"Bokade denna restaurang efter tips och omd√∂me. Maten var minst lika god som vi f√∂rv√§ntade oss och vi blev otroligt glatt √∂verraskade av servicen som var i v√§rldsklass, man ville helt enkelt inte √•ka d√§rifr√•n. En upplevelse ni inte b√∂r missa!",50,maj 2014,SE,Con Gracia
"Vi valde Con Gracia efter att ha l√§st alla positiva omd√∂men. Den levde upp till f√∂rv√§ntningarna och vi var j√§tten√∂jda. Valde √∂verraskningsmenyn och fick v√§l avv√§gda r√§tter som harmonierade. Flera amuser, bland annat sm√• friterade bollar som inneh√∂ll blodpuddingssmet! De var j√§ttegoda. F√∂rr√§tten var enligt...Mer",40,mars 2014,SE,Con Gracia
"Bokade bord p√• denna restaurang (en m√•nad i f√∂rv√§g) efter att ha l√§st positiva kommentarer h√§r p√• tripadvisor bland annat. Jag och min far som bes√∂kte restaurangen f√∂r dagen och vi best√§mde oss tidigt f√∂r ""chef's surprise menu"", till detta tog vi ocks√• en varsin...Mer",50,december 2013,SE,Con Gracia
"Otroligt gott! Kanske en av de b√§sta m√•ltiderna jag har √§tit under hela detta √•r, alla kategorier. 5/5 ‚≠êÔ∏è
Dra √•t helvete vad gott!!!!!!!!",50,september 2022,SE,Kiltro Restobar
"Supertrevlig personal, fantastisk mat och v√§ldigt goda drinkar!! √Ñven en mysig atmosf√§r. Rekommenderar starkt!! :)",50,augusti 2021,SE,Kiltro Restobar
Fantastisk! Denna plats har uts√∂kt mat och roliga och innovativa cocktails. Vi tr√§ffade en av √§garna och du kan s√§ga att han brinner f√∂r sin handel.Mer,50,mars 2020,SE,Kiltro Restobar
B√§sta Michelada i Barcelona. Mycket trevliga drinkar och mat. Jag gick till Kiltro Bar med n√•gra v√§nner och kommer tillbaka igen!Mer,50,februari 2020,SE,Kiltro Restobar
Omg maten √§r att d√∂ f√∂r. Du f√•r valuta f√∂r pengarna h√§r och supertj√§nst av √§garen Francis och hans underbara anst√§llda. Vi kommer tillbaka igen och igen. √Ñlskar denna plats och mat.Mer,50,februari 2020,SE,Kiltro Restobar
Bra pisco och bra vermut. Autentisk latinamerikansk vibe. Definitivt ett m√•ste sluta bes√∂k i Gr cia om du letar efter bra cocktails och en √§kta smak av latinskultur.Mer,50,december 2019,SE,Kiltro Restobar
"Maten h√§r √§r fantastisk! De serverar traditionell latinamerikansk mat. Vi hade de stekta banansknipperna, nachos, tacos, kakor och n√•gra cocktails och jag kan rekommendera allt. Personalen √§r ocks√• riktigt trevlig. N√§sta g√•ng jag √§r i Barcelona vet jag definitivt vart jag ska g√•Mer",50,december 2019,SE,Kiltro Restobar
"Snubblat p√• den h√§r baren p√• v√§g tillbaka till v√•r Airbnb, slutade vara v√•r ""go to"" -bar under hela resan. Bra atmosf√§r, bartenderen Francis var fantastisk. Drick n√•got han rekommenderar. Du kommer inte bli besviken!Mer",50,maj 2019,SE,Kiltro Restobar
Signatur handgjorda cocktails med bra vibbar! Francis √§r den b√§sta bartendern vi hade i Barcelona missa inte dessa dankdrycker!Mer,50,maj 2019,SE,Kiltro Restobar
"V√•r grupp av tio snubblat p√• denna plats innan de st√§ngdes. Inte bara v√§lkomnade Francis (v√•r bartender) oss med √∂ppna armar, men de erbj√∂d de b√§sta hantverk och infuserade cocktails som vi n√•gonsin har haft i v√•ra liv. Detta kommer fr√•n tv√• bartenders. Om du...hoppar √∂ver den h√§r platsen, s√∂nder du dig. Det √§r atmosf√§r, v√§rme, energi och g√§stfrihet var allt vi beh√∂vde och mer. TACK KILTRO om vi bodde h√§r skulle du ha n√•gra stamg√§ster s√§kert ??Mer",50,maj 2019,SE,Kiltro Restobar
"Efter att ha bes√∂kt Barcelona √∂ver 10 g√•nger, p√• en resa f√∂r att boka v√•rt br√∂llop i denna fantastiska stad snubblade vi √∂ver den b√§sta cocktailbaren vi n√•gonsin varit p√•. Jag hade Gin Mediterraneo och det var overkligt. Personalen var s√• kunniga p√• alla olika...cocktails och v√§nliga ocks√•. Kommer definitivt att komma hit igen. XMer",50,maj 2019,SE,Kiltro Restobar
"Gick dit med ett par v√§nner. Stora cocktails (och med stor menar jag GREAT). Vi hade nachos och empanadas, som var riktigt l√§ckra och v√§l presenterade. Cool atmosf√§r och atmosf√§r. Om du √§r runt b√∂r du f√∂rs√∂ka det s√§kert!Mer",50,maj 2019,SE,Kiltro Restobar
"S√•g n√•gra kampanjer och teasers p√• Instagram och av nyfikenhet best√§mde sig f√∂r att √•ka dit med n√•gra v√§nner f√∂r att √∂ppna. F√∂rst f√∂r att meddela att vi inte blir s√• imponerade f√∂r mig och mina v√§nner som vi h√§nger mycket p√• olika st√§llen och...vi reser mycket, men l√•t mig ber√§tta att Kiltro-teamet bl√•ste huvudet sedan vi gick in i Resto - Bar. F√∂rst och fr√§mst var jag nyfiken p√• namnet och Francis trollkarlen bakom baren, m√•lar bilden tydligare f√∂r oss och verkligen gjorde det f√∂rnuftigt f√∂r oss.
Sedan sitter vi i baren. Luis Felipe gentleman rekommenderade oss en fantastisk och f√§rsk cocktail till att b√∂rja med och vi var omedelbart hooked r√§tt i.
Mat meny var briljant t√§nkt av kocken Andres och vi gav ett f√∂rs√∂k att m√•ste av disken och inte omedelbart blev vi besvikna och trots att det var br√•dska d√§r borta kom mat ut ganska snabbt med en spektakul√§r presentation utan kompromiss p√• smaken.
Killar hatar och Kiltro Team.
Stora pojkar √§r i stan. ?Mer",50,maj 2019,SE,Kiltro Restobar
Trots att det √§r en relativt liten restaurang s√• lyckades de ordna bord f√∂r v√•rat s√§llskap p√• sex personer. Trevligt bem√∂tande och riktigt bra mat. V√§nlig och modern service.,50,februari 2023,SE,Don Asador
"V√§ldigt gott och v√§l tilltagna portioner, servitrisen Yness v√§ldig professionell Och trevlig , snabb service , k√∂ttet serverades direkt fr√•n grillen och smakade j√§ttegott",50,februari 2023,SE,Don Asador
"Vi fick alla in varsin v√§ldigt god, perfekt stekt k√∂ttbit. V√•r servit√∂r, Elias, var supertrevlig! 
Mysig atmosf√§r, familj√§rt,  men v√§ldigt litet s√• kom ih√•g att boka bord! 
Rekommenderar verkligen!",50,november 2022,SE,Don Asador
Mer,50,maj 2022,SE,Locavore Barcelona
Mer,50,april 2022,SE,Locavore Barcelona
Mer,50,mars 2022,SE,Locavore Barcelona
Mer,50,februari 2022,SE,Locavore Barcelona
Mer,30,november 2021,SE,Locavore Barcelona
Mer,50,september 2021,SE,Locavore Barcelona
"Mycket god mat, m√§rkt betj√§ning och rimliga priser. Jag rekommenderar det starkt. Jag ela komma tillbaka.",50,oktober 2022,SE,Off-Street
"Vilket bra sushi-st√§lle! Trevlig personal som √§ger ett litet st√§lle lite utanf√∂r centrum. Men resan var s√• v√§rts bes√∂ket. Otroligt fr√§scht med kvalitativa r√•varor tillagade med omsorg! Smakade v√§ldigt bra! Man m√•ste boka d√• restaurangen bara har √•tta sittplatser totalt. Varje sittning varar 1,5 timme...s√• var i tid (det var inte vi‚Ä¶ men det gick j√§ttebra √§nd√•!). Rekommenderas varmtMer",40,september 2022,SE,Jara Sushi Degustaci√≥n
"Mycket god sushi, s√• fina r√•varor och duktig sushikock
St√§llet √§r litet med 8 platser s√• boka f√∂r att f√• plats
Mycket fin service",40,augusti 2022,SE,Jara Sushi Degustaci√≥n
Jag och sambo var p√• semester i Barcelona och hittade detta sushi hak som klart har en av godaste i staden rekommenderas till alla sushi √§lskare trevlig personal uts√∂kt mat,50,maj 2022,SE,Jara Sushi Degustaci√≥n
"har varit en av de b√§sta sushi vi har √§tit och vi har testat i olycka l√§nder och den h√§r √§r l√§tt en av de b√§sta .!!!

TUSEN TACK ...!!!
JARA SUSHI.!!!!
üòÄüëå",50,maj 2021,SE,Jara Sushi Degustaci√≥n
"Mycket god mat! Och j√§ttetrevligt personal.
Rekommenderas!
Garanterat att vi √•ker dit igen n√§r vi √§r d√§r!

H√§lsningar fr√•n Sverige üëçüëç",50,januari 2021,SE,Jara Sushi Degustaci√≥n
"Goda tapas och viner i en modern och trevligt milj√∂, Mycket folk och h√§rlig st√§mning. b√•de inne i restaurangen och utomhus.",50,augusti 2022,SE,Babula Bar 1937
"Bokade bord, v√§ntade 1 timme efter tiden fr√•n utsatt p√• att f√• best√§lla.  3 olika servit√∂rer som f√∂rs√∂kte att f√∂rklara menyn f√∂r oss, vi var 5 vuxna personer som fortfarande inte f√∂rstod konceptet utan fick be om mer detaljerad f√∂rklaringar f√∂r att f√∂rst√•. Den ena...sa s√• och den andra si. 1 av 6 r√§tter var i toppklass en var o√§tlig och resten r√•dde delade meningar om vid bordet. En av servit√∂rerna, Viktor r√§ddade upp servicen. Som kompensation f√∂r d√•lig upplevelse bj√∂d man p√• varsin tryffel med tillh√∂rande dryck. 
√ñverprisad meny som inte h√•ller m√•ttet.Mer",10,maj 2022,SE,Babula Bar 1937
Det h√§r st√§llet har otroliga drinkar. Testa g√§rna No hay ma√±ana med rom! Vinerna var ocks√• superba. D√§remot var maten mindre bra i mitt tycke. Eller passade de inte mig s√• bra. Burratan var mycket fin. Cevichen var lite f√∂r r√• f√∂r mig och fl√§skk√∂ttet...hade f√∂r d√•lig stekyta. D√§remot var chokladen efter√•t underbar. Ett stort plus f√∂r en fin service hela kv√§llen!Mer,40,januari 2022,SE,Babula Bar 1937
Supergod mat. Burratan magisk. Men b√§st av allt var att vi k√§nde oss s√• omh√§ndertagna. Fick v√§nta lite p√• v√•rt bokade bord d√• vi var tidiga och blev bjudna p√• cava tills bordet var klart. Snyggt! Glad personal som anstr√§ngde sig hela kv√§llen.,50,september 2021,SE,Babula Bar 1937
"Skr√§ms inte av l√§get eller utsidan, var n√§ra p√• att v√§nda om men s√• glada att vi stannade. N√§r drinkarna och maten kommer in blir ni glada att ni stannade! Bra smaker fr√•n hela v√§rlden, fantastiska drinkar och trevlig personal!",50,augusti 2021,SE,Babula Bar 1937
"Grym mat och trevlig personal! T√§nk p√• att boka bord. Ett m√•ste enligt migüí™üèºüëçüèªüëçüèª
Ser inte mycket ut fr√•n utsidan, men g√• inüòâMan best√§ller ungef√§r fem r√§tter f√∂r tv√• personer. Foie gras √§r ett m√•ste, √§ven burratanüòç",50,juni 2021,SE,Babula Bar 1937
Jag var i Barcelona i en vecka och gick till denna fantastiska restaurang tv√• g√•nger! Maten var fantastisk men n√•got annat var √§nnu b√§ttre. . . Hans namn var Aitor och han var en cuter servit√∂r som var super rolig och f√∂rde oss saker gratis!...! Vi kunde inte koncentrera oss p√• vad han sa eftersom han var het! ! ! I slut√§ndan gjorde vi en lur av oss sj√§lva jajajaja men √§nd√• god kv√§ll! PS: Aitor om du l√§ser detta ledsen f√∂r det konstiga beteende vi fortfarande √§lskar ditt och v√•rdar dig! F√∂rresten ledsen √∂ver maten jag hade mellan t√§nderna! Hur som helst allt l√§ckertMer,50,februari 2020,SE,Babula Bar 1937
"Fantastisk! ! Gick in f√∂r en drink men hamnade i n√•gra fler. Jag gillade stilen och dekorationen i baren. Cocktails var fantastiska s√•v√§l som den v√§nliga barhandaren som verkligen fick oss att njuta av kv√§llen. Du kan se att han vet vad han g√∂r och...alltid fr√•gade om allt √§r bra. Han gav oss ocks√• information om olika flaskor, vilket jag verkligen uppskattade. Skulle verkligen rekommendera n√§r du √§r i BarcelonaMer",50,januari 2020,SE,Babula Bar 1937
"Bra mat men framf√∂r allt bra service! ! √Ñlskar denna plats, definitivt ett m√•ste i Barcelona. Inte dina typiska tapas, det √§r lite mer utarbetat.",50,januari 2020,SE,Babula Bar 1937
Conciergen p√• Mandarin Oriental gjorde denna rekommendation f√∂r ett mer prisv√§rt alternativ n√§ra hotellet. Personalen var v√§nlig och matalternativen var olika. Kvaliteten var enast√•ende.,40,december 2019,SE,Babula Bar 1937
"Att s√§ga att maten √§r s√• bra och servicen √§r en underdrift! ! Absolut √§lskar denna plats, deras speciella plattor tillverkade med b√§sta kvalitetsprodukt g√∂r det till en av mina favoriter! Cocktails efter middag eller lunch √§r en av de b√§sta i Barcelona. Jag m√•ste...ocks√• s√§rskilt n√§mna personalen f√∂r att vara fantastiska v√§rdar och f√• dig att k√§nna dig som hemma. Professionalism som b√§st p√• Balula!Mer",50,november 2019,SE,Babula Bar 1937
Babula Bar √§r en riktigt dold p√§rla! Baren √§r design med mycket uppm√§rksamhet p√• detaljer. modern och elegant inredning kombineras med riktigt bra cocktails (egna recepies men ocks√• bara bra klassiker som en kick ass Negroni eller en riktigt bra Americano) och uts√∂kt mat -...tapas serveras med en modern touch. till exempel √§r nachos med dragen fl√§sk och truffeld flavourdost och guacamole lika l√§ckra som resten av alla r√§tter. Jag kan starkt rekommendera platsen - om du letar efter en stor och modern upplevelse av Barcelona. Det √§r utan tvekan mer √§n v√§rt det! Tack Leo f√∂r g√§stfriheten!Mer,50,augusti 2019,SE,Babula Bar 1937
"Kom hit f√∂r att slicka v√•ra s√•r fr√•n en d√•lig middag p√• Rilke.

Cool atmosf√§r och bra drycker. Diego var fantastisk.Mer",50,juni 2019,SE,Babula Bar 1937
"Vi ringde in h√§r p√• v√§g tillbaka till hotellet i C Pau Claris lockade av den coola moderna inredningen och lyckligtvis maten matchade upp till inredningen. Vi har haft en h√§rlig kv√§llsmat v√§l tittat av bar manager Nico. En h√∂gljudd grupp av vad som s√•g...ut som en f√∂retagsgrupp flyttade snart fr√•n baren till deras bord som l√§mnar oss i fred p√• v√•rt bord f√∂r tv√•. Kocken verkar ha introducerat n√•got av en orientalisk smak till maten som g√∂r en strimlad gulrotsallad till en smakupplevelse med en sesamolja dressing om jag inte misstar mig. Detta kom ovanp√• min l√§ttsinnad tonfisk i skivor, en matr√§tt som jag kunde √§ta dagligen. Vi hade ocks√• burrata-osten, rik och kr√§mig, med en ljusregn av balsamisk vinaigrette. Tomaten toasts var inte riktigt vad vi v√§ntade men sallad med senap dressing mer √§n gjort f√∂r det. Totalt sett en mycket trevlig kv√§ll.Mer",50,maj 2019,SE,Babula Bar 1937
"Vi r√•kade passera Babula Bar av en slump g√• tillbaka till v√•rt hotell. Dragit in av atmosf√§ren och inredningen vi bl√•ses bort av otroliga drycker, service och v√§nlighet av Neko. . . rekommenderas starkt om du uppskattar mixologi och exceptionella drycker.Mer",50,maj 2019,SE,Babula Bar 1937
Vi r√•kade passera Babula av en slump medan vi bodde p√• Passaig de Gracia och gick in f√∂r den intressanta inredningen och den mysiga atmosf√§ren. Den gr√∂na salladen med senapsdressing och marinaded lax var l√§cker och vi √•tnj√∂t hostess rekommenderade pastrami sm√∂rg√•s! V√§rdarna √§r charmiga...och rekommenderas super viner - allt till en rimlig kostnad. Vi √•terv√§nde n√§r vi passerade n√§sta dag.Mer,50,april 2019,SE,Babula Bar 1937
"Bra mat, bra service . Vi best√§llde dagens och det ingick vin, men det var knappast halv deciliter vin,  de tog glaset till baren och de kom med ca halv  deciliter vin. Best√§llde vatten som kostade 2.5 euro p√• en liten flaska som inte var...33 dl
Sm√• portioner. Inte v√§rd de 13 euro per person.Mer",30,september 2022,SE,Prado de Flores
"Som rubriken s√§ger s√• √§r det ett mysigt st√§lle ben√§get n√§ra Barcelonas gamla stad, dock var maten jag best√§llde (entrecote) riktigt d√•ligt gjord. Jag blev f√∂r det f√∂rsta tvungen att sk√§ra bort h√§lften av k√∂ttbiten d√• det var hur mycket brosk och fett som helst,...dessutom serverades klyftpotatisen utan n√•gon typ av s√•s till, vilket gjorde att hela m√•ltiden snarare p√•minde om n√•got man k√∂per p√• ett snabbmatshak √§n p√• en riktig restaurang. Dessutom best√§llde jag mitt k√∂tt ‚Äùrare‚Äù. Se bilden och avg√∂r sj√§lva, √§r den k√∂ttbiten ‚Äùrare‚Äù? Oseri√∂st.

√ñlen var god dock.Mer",10,november 2018,SE,Prado de Flores
God mat. Bra pris. Trevlig personal. L√§tt att hitta till.  Inte stimmig lokal. Tips att prova ‚Äùmeny dia‚Äù.,50,september 2018,SE,Prado de Flores
"Mycket n√∂jda med v√•r lunch, testade olika tapas och den mexikanska hamburgaren. Bra prisl√§ge, trevlig personal. Nachos tallriken √§r riktigt bra. 
Rekommenderas",50,juni 2018,SE,Prado de Flores
Vi bodde p√• samma gata och √§gnade en del f√∂r att hitta bra mat och vi fann den brevid hotellet. Bra mat med gener√∂sa priser och mycket bra service!,40,maj 2018,SE,Prado de Flores
"L√§cker mat, bra atmosf√§r och bra service! Min typ av plats, bes√∂kte 7 g√•nger och jag har bara en kommentar: forts√§tt bara g√∂ra det fantastiska jobbet! Jag √§lskar det helt!",50,oktober 2019,SE,Prado de Flores
"En mycket elegant trevlig plats. En varm v√§lkomnande, f√∂ljt av en utm√§rkt service, med mycket uppm√§rksamhet p√• detaljer f√∂r att behaga dig.
Tj√§nsten alltid med ett leende och mycket t√•lamod med oss.
Slutsats, om du har m√∂jlighet att √•ka dit, tveka inte!",50,december 2019,SE,Prado de Flores
Fantastisk plats att smaka p√• uts√∂kt mat i supermilj√∂! Jag rekommenderar verkligen dig denna restaurang om du √§lskar h√∂g kvalitet p√• mat och service! !,50,juni 2019,SE,Prado de Flores
"L√§ckra r√§tter, trevlig atmosf√§r och professionell service! Lycka till?
¬†Rekommenderas mest! ! !",50,juli 2019,SE,Prado de Flores
"Vi kom √∂ver Prado de Flores medan vi promenerade p√• det gotiska kvarteret p√• en sval h√∂stkv√§ll. Vi valde det lyckligtvis √∂ver flera andra kaf√©er i n√§rheten eftersom det s√•g varmt och inbjudande ut. Inuti det r√∂da vinet var v√§lsmakande och skaldjur paella underbar. Vi...hade ocks√• vitl√∂kssvamp som f√∂rr√§tt, ocks√• bra. Servrarna var alla v√§nliga och hj√§lpte till att g√∂ra det till en underbar upplevelse!Mer",50,november 2019,SE,Prado de Flores
"Vi hittade detta medan vi gick tillbaka fr√•n Ramblas, ner en liten sidogata.

Trevligt v√§lkomnande fr√•n personalen. Min v√§n hade gazpachosoppan och sa att det var det b√§sta hon n√•gonsin hade smakat. Resten av oss hade pizza, kycklingvingar, nachos och patas bravas. All mat (bortsett...fr√•n gazpacho som serveras kall) r√∂rde sig varm och f√§rsk.

En bra lunchstopp.Mer",40,november 2019,SE,Prado de Flores
"F√∂rsta g√•ngen i Barcelona. Mina v√§nner rekommenderade mig att bes√∂ka denna restaurang och jag gillar den s√• mycket. Bra atmosf√§r, jag gillar personalen. Mat och √∂l √§r smaskiga)",50,september 2019,SE,Prado de Flores
"Min fru och jag hade en bra tid h√§r. . . Fantastisk service och mat. Vi hade skaldjur paella, bl√§ckfisk och Caesar sallad. Personalen gick ut√∂ver att se till att vi tog hand om. Skulle rekommenderar starkt om du bes√∂ker Barcelona; Vi planerar redan att...√•terv√§nda denna vecka.Mer",50,maj 2019,SE,Prado de Flores
"Kom h√§r tv√• n√§tter p√• studsen f√∂r min kv√§llsm√•ltid. F√∂rsta natten bestod av tapas och n√•gra f√∂r m√•nga gins! Andra natten var cocktails och carbonara. Amazing. Snabb service, mat kommer ut riktigt snabbt r√∂rledningar varmt.

Tack!",50,maj 2019,SE,Prado de Flores
Ingen recension skulle g√∂ra mat och atmosf√§r r√§ttvisa! Den hemliga s√•sen √§r n√•got du forts√§tter att komma tillbaka till. Vacker liten plats som √§r h√•llbar och maten √§r det sanna m√§sterverket. Definitivt ett m√•ste n√§r i denna fantastiska stad,50,maj 2019,SE,Prado de Flores
"Jag kom hit med min flickv√§n f√∂r f√∂rsta g√•ngen. Perfekt st√§lle f√∂r ett par och en familj. BTW r√§kningen var mindre √§n f√∂rv√§ntat. Jag f√∂rs√∂kte paella med skaldjur. Den b√§sta paellaen i Barcelona, lita p√• mig n√§r jag s√§ger det (bara g√• - du kommer...att tacka mig senare).
De serverar det i sj√§lva pannan och det var helt nog f√∂r mig, men jag √§ter mycket: D min flickv√§n tog veggie paella. Sade att det var den b√§sta paellaen i hennes liv. Stuff var mycket trevligt och g√§stv√§nligt. K√§nns som hemma.Mer",50,april 2019,SE,Prado de Flores
"Andra g√•ngen i Barcelona och kanske 5 - 6: e g√•ngen i detta caf√©, som de har den b√§sta paellaen i Barcelona. Jag tror att under dessa 5 √•r gjorde de det √§nnu b√§ttre? S√• om du vill √§ta l√§ckra spansk mat och till och...med burger med sangria och att ha lite god t√•rta efter - jag recomment denna plats s√§kert!Mer",50,april 2019,SE,Prado de Flores
"Maten var uts√∂kt, jag har f√∂rs√∂kt paella med skaldjur, mycket trevlig matr√§tt.
Mycket bra service, Bogdan var riktigt sn√§ll och hj√§lpsam, han ger mig ocks√• en riktning f√∂r min resa.",50,november 2018,SE,Prado de Flores
En mycket trevlig och mysig plats med utm√§rkt mat! Vi har verkligen haft middag d√§r och k√§nde den kosmopolitiska atmosf√§ren i Barcelona. Ett speciellt pris f√∂r servit√∂ren Bogdan som fick oss att k√§nna oss som hemma!,50,oktober 2018,SE,Prado de Flores
"Vi kom sent till hotellet och letade efter en plats att √§ta. Detta var n√§ra hotellet och vi gillade utseendet och menyn - det var inte alltf√∂r stora, mycket pittoreska. Vi hade en mycket trevlig m√•ltid. Alla √•tnj√∂t vad de best√§llde f√∂rutom stekt brie. det...var f√∂r kn√§ckt. annat √§n att allt var bra. Fantastiska burkar av sangria. Tj√§nsten var bra och skulle rekommendera.Mer",50,juli 2018,SE,Prado de Flores
Mer,50,juni 2022,SE,Anema E Core
Mer,50,april 2021,SE,Anema E Core
"Verkligen mysigt st√§lle med god mat och supertrevlig service. Vi tog 1,5 surprisemeny (9 olika tapas+starter) och alla r√§tter var mycket v√§llagade och goda! Eftersom det inte g√•r att boka bord var vi d√§r tidigt (ca 18:00) och kunde v√§lja bland borden(det √§r inte s√•...stort)! Bra l√§ge n√§ra Pla√ßa Reial och La Rambla.Mer",50,november 2022,SE,Bodega Oliva
Superst√§lle o j√§ttegod mat. Deras surpricemeny v√§l v√§rd pengarna. Vill man inte ha surprice meny s√• finns det m√•nga tapas att v√§lja p√•. J√§ttegott. Mycket trevlig betj√§ning och famil√§r st√§mning. Enda lilla negativa √§r att det √§r lite v√§l tr√•ngt.,50,september 2022,SE,Bodega Oliva
"Vi tog en fast meny och vilken god √∂verraskning! Fantastiska tapas som avslutades med 3 olika tallrikar med 9 olika r√§tter p√•. Bonusr√∂tter allts√•, utanf√∂r v√•r meny. 
Mysig milj√∂, supertrevlig personal och prisv√§rt! Kommer g√• tillbaka igen under v√•r vistelse! S√• bra.",50,september 2022,SE,Bodega Oliva
"Underbar italiansk personal och inredning. 
Perfekt pizza och som pricken √∂ver i:et bjuds det p√• limonchello.
10/10",50,december 2020,SE,Don Kilo Gourmet
Ser inte s√• inbjudande ut utifr√•n men v√§l inne var det en fantastisk service med v√§ldigt trevligt och social personal. F√∂r att motcitera den gode eken hemma i Sverige ‚Äùde vet hur man kryddar maten och man blir m√§tt‚Äù,50,juli 2019,SE,Swagatam Bar-Restaurant Hindu
Om man g√•r gatan fram s√• skulle jag ha full f√∂rst√•else f√∂r om man skulle g√• f√∂rbi detta matst√§lle utan att l√§gga m√§rke till det. Utifr√•n sett s√• ser det inte ut f√∂r n√•got alls i v√§rlden och √§ven vi tvekade innan vi klev in...genom d√∂rren.  V√§l inne s√• uppv√§ger servicen och den smakrika maten med r√•ge det enkla utseendet. Personalen var sk√§mtsam p√• ett befriande s√§tt samt v√§ldigt serviceinriktade och maten var bland den b√§ttre indiska maten som vi har √§tit. Liksom p√• alla indiska restauranger s√• √§r maten gener√∂st tilltagen s√• t√§nk p√• det n√§r ni best√§ller f√∂r annars kommer det inte att finnas plats f√∂r desserten som vi inte kan recensera...Mer,40,april 2017,SE,Swagatam Bar-Restaurant Hindu
"Vi promenerade genom halva Barcelona f√∂r att komma till detta st√§lle och blev v√§l omh√§ndertagna av den trevliga personalen. Vi best√§llde flera olika r√§tter, ris, naanbr√∂d och allt serverades relativt snabbt och smakade gott. Rekommenderas f√∂r alla som gillar billig indisk mat.",40,september 2015,SE,Swagatam Bar-Restaurant Hindu
"Detta √§r ett h√•l i v√§ggen, ett riktigt budgetst√§lle som serverar god indisk mat. Servit√∂ren √§r glad, rolig och pratsam och tar i hand b√•de n√§r vi kommer och g√•r. Flera personer har letat sig hit f√∂r lunch. Maten k√§nns v√§llagad och √§r inget de...bara slevat upp ur en gryta. Om ni √§r sugna p√• indiskt till lunch s√• g√• hit.Mer",40,september 2013,SE,Swagatam Bar-Restaurant Hindu
"Riktigt h√§rlig mat och service. Vi delade n√•gra vegetariska tallrikar, samosor och naan, och allt var uts√∂kt!",50,februari 2020,SE,Swagatam Bar-Restaurant Hindu
"Fantastisk indisk restaurang och mycket √§kta. V√•rt urval av curryr√§tter var l√§ckra, f√§rska, varma r√∂r och gjorde mycket kryddig (f√∂r oss). V√§rden, Pratap, √§r en gl√§dje och riktigt v√§nlig. Skulle rekommendera alla √§lskare av indisk mat och ett m√•ste - g√• f√∂r indier!",50,december 2019,SE,Swagatam Bar-Restaurant Hindu
En av de b√§sta indiska maten vi har provat i Europa. Tj√§nsten var fantastisk och mycket mycket rimligt pris.,50,november 2019,SE,Swagatam Bar-Restaurant Hindu
"Personalen √§r mycket v√§nlig, dagmenyn har ett bra pris och alla kommer att vara mycket n√∂jda med god smak och mycket mat.",50,juli 2019,SE,Swagatam Bar-Restaurant Hindu
"√Öh, den herre som driver denna plats √§r full av v√§rme och utm√§rkt kunddriven Positiv attityd. Vi best√§llde Roti, kyckling sm√∂r masala, palak panned - maten var l√§ckra, kryddig till den punkten, hygienisk och f√∂rberedd med m√•nga indiska kryddor - chutneys de tj√§nstgjorde var mycket...bra. Platsen √§r mycket liten och det skulle vara lite besv√§r. Annars en trevlig liten plats som p√•minner om att du har en liten restaurang i Indien

H√•ll det upp och lycka tillMer",40,maj 2019,SE,Swagatam Bar-Restaurant Hindu
Verkligen smaskiga och autentiska indisk mat som serveras av en mycket v√§nlig √§gare Mohan Lal. Gud v√§lsigna. Vi ses.,50,maj 2019,SE,Swagatam Bar-Restaurant Hindu
"Detta √§r en vacker liten indisk restaurang som jag skulle rekommendera till n√•gon annan.

M√∂jligen den b√§sta ""bang for buck"" m√•ltiden jag har haft - stort v√§rde kombinerat med enast√•ende mat √§r en sv√•r aff√§rsmodell som denna folkmassa har absolut beh√§rskat. V√§nlig personal, trevlig indisk...atmosf√§r uppr√§tth√•lls och maten var enast√•ende.

Inga klagom√•l - forts√§tt det bra arbetet. Komplimanger till kockarna!Mer",50,maj 2019,SE,Swagatam Bar-Restaurant Hindu
"En annan dag i Barcelona och jag och min v√§n gick f√∂r att uppt√§cka en ny plats f√∂r mat. Valet var indiska och det f√∂rsta urvalet Swagatam.
¬†Min v√§n hade en typ av Chicken Massala, jag gick till Chicken Saag. B√•de utm√§rkt, smaken var intensiv...och smaklig.
¬†Men innan vi f√∂rs√∂kte en f√∂rr√§tt, gr√∂nsaker Pakoras och vi valde ocks√• Naan Butter, personalen var v√§nlig och var medverkande i valet av typen Naan.

¬†Jag m√•ste s√§ga att doserna √§r tillr√§ckligt. Utrymmet √§r liten och jag vet inte om de accepterar reservationer men jag tror att det f√∂rtj√§nar v√§ntan. Jag kommer s√§kert tillbaka.Mer",50,april 2019,SE,Swagatam Bar-Restaurant Hindu
"Restaurangen √§r mycket liten och ser lite shabby f√∂rst, men maten √§r verkligen riktigt bra och personalen mycket v√§nlig. Priserna √§r m√•ttliga och det var den b√§sta indiska maten vi hade l√§nge. Vi kommer att bes√∂ka igen n√§r vi f√•r chansen!",50,april 2019,SE,Swagatam Bar-Restaurant Hindu
"Jag blev f√∂rv√•nad √∂ver att hitta s√•dan autentisk indisk mat i Spanien. Vi best√§llde palak paneer och blandade gr√∂nsaker, och de var b√•da ganska √§kta - inte vattnas f√∂r att tillgodose lokal smak eller alltf√∂r kryddig. Naan och tandoor roti var f√§rskt och v√§l gjorda....Jag skulle definitivt g√• tillbaka hit.
Mina fyra stj√§rnor √§r strikt baserade p√• maten. Atmosf√§ren och tj√§nsten var okej. Trots att det fanns flera √∂ppna bord, proppade de oss n√§ra ett annat par. Vi delar n√§stan ett bord med dem. V√•r server var trevlig men damen bakom baren (manager?) Var ganska br√•ttom.Mer",40,oktober 2018,SE,Swagatam Bar-Restaurant Hindu
"Stoppas av n√§r vi lever i omr√•det, fantastiska r√§tter!

Men ris ing√•r inte och √§r dyrt j√§mf√∂rt med andra indiska platser.

Med detta sagt √§r det v√§l v√§rt att stanna och √§ta p√•! ! !",50,oktober 2018,SE,Swagatam Bar-Restaurant Hindu
"Vi stannade i omr√•det Gracia, som vill ha en f√∂r√§ndring fr√•n Tapas. Restaurangen kan hittas p√• en sidogata, n√§r vi kom in n√•gra av mina familjemedlemmar var oroliga eftersom det ser ut som om det √§r en back Street Cafe √§n en restaurang, men jag...√∂vertygade dem att √§ta h√§r. Slutresultatet var 10 av 10. . . OK inte den fina high street restaurangen, men ett varmt v√§lkomnande, bra samtal med den f√∂rtjusande √§garen och god indisk mat.

Som de s√§ger ""Aldrig bed√∂ma en bok genom dess omslag!"" Vi nj√∂t verkligen av det: -)

Alla b√§st fr√•n Malta och tack igen f√∂r din g√§stfrihet och mycket fulla n√∂jda bellies: -)Mer",50,oktober 2018,SE,Swagatam Bar-Restaurant Hindu
"Jag anl√§nder denna restaurang vid lunchen och fr√•gar f√∂r dagen p√• menyn. En s√•g den vid v√§ggen f√∂r 12. 95 ‚Ç¨. Jag sa att menyn inte var i kortet och en man sa ""oroa mig inte, jag kommer att f√∂rklara det f√∂r dig"" jag sa...att jag ville √§ta vegetarianer och ber√§ttade att jag kunde ha en ing√•ng och en huvudr√§tt. Jag var den enda g√§sterna och tillsammans med en romare i Rum√§nien som jobbar d√§r talar vi om contries. Mannen ber√§ttade f√∂r oss hur fantastiskt Kerela i Indien √§r. Kvinnorna sa att hennes land √§r v√§ldigt vackert men dess folk har ett d√•ligt rykte och inte alla √§r d√•liga. Platsen √§r enkel men ren, maten var bra, tills dess allt ok, men min f√∂rv√•ning kom med r√§kningen! damen skrev det: 22. 80 ‚Ç¨. Jag s√•g inte mannen l√§ngre. Hon sa att jag inte hade bestridit och jag skulle betala ett la-kort. Jag gick ut med k√§nslan av att ha blivit f√∂rr√•dad och √•ngrat att ha sagt till dem √§n att jag ofta reser till trevliga platser, att jag inte bor i Barcelona. . Jag k√§nde att de utnyttjade det och den h√§r k√§nslan f√∂ljde mig hela eftermiddagen. Jag var tvungen att skriva det! men du kan fortfarande g√• dit och njuta av en god m√•ltid och friedliness!Mer",30,oktober 2018,SE,Swagatam Bar-Restaurant Hindu
"Bes√∂kte restaurangen f√∂r en snabb lunch med mina v√§nner.
Personalen v√§lkomnar och behandlar dig riktigt bra. .
Kycklingr√§tterna h√§r √§r absolut eld? tillsammans med n√•gra signaturer indiska r√§tter som Paneer Tikka, Dal Makhani och Naans √§r deras specialitet.
√Ñlskar med denna restaurang och √§r ett...m√•ste f√∂rs√∂k. :):)
Fullst√§ndiga betyg f√∂r mat, den v√§nliga personalen och tj√§nsten. ?Mer",50,september 2018,SE,Swagatam Bar-Restaurant Hindu
"Mycket popul√§ra i staden. mycket publik.
Dess interi√∂r √§r mycket vanligt. Inte mycket trendig. Maten var ok typ. Men samosa var mycket bra. Rekommenderas starkt. Den v√§rd per person var mycket blygsam & v√§nlig. Han skakar hand med varje & varje kund. .",30,juli 2017,SE,Swagatam Bar-Restaurant Hindu
"Vi var tr√∂tta p√• att √§ta grekiska och italienska r√§tter och fann detta st√§lle p√• TripAdvisor. Vi hade turen att f√• bord eftersom den normalt tr√•ngt. Vi best√§llde dagens meny och det var fantastiskt. Seekh kabab, pakora, daal, kyckling . . . Och speciellt den...mango jessica var en hel del att √§lska det h√§r st√§llet.
Personalen var mycket v√§nlig. S√§rskilt omn√§mnande till Pratap Singh och hans kollega som serverade oss som en g√§st p√• hem. Ett m√•ste bes√∂k st√§lle . . . √Ñlskade detMer",50,juli 2017,SE,Swagatam Bar-Restaurant Hindu
Mer,40,januari 2022,SE,La Terraza De Anna By Vida Mona
,50,november 2021,SE,La Terraza De Anna By Vida Mona
Mer,50,oktober 2021,SE,La Terraza De Anna By Vida Mona
,50,augusti 2022,SE,La Terraza De Anna By Vida Mona
,50,juli 2022,SE,La Terraza De Anna By Vida Mona
"L√§ckra acai sk√•lar, rostat br√∂d och hemlagad kakor, bra atmosf√§r och service! ! √Ñlskade verkligen denna plats",50,april 2019,SE,La Cala Barceloneta
Bra frukost och prisv√§rda. De har en meny p√• engelska. Vi hade frukost h√§r tv√• g√•nger och var mycket n√∂jda b√•da g√•nger.,50,augusti 2018,SE,La Cala Barceloneta
"Bes√∂kte h√§r med √•tta andra par. Vi hade inte bokat men servitrisen drog snart n√•gra bord tillsammans och vi satt. Om du √§r en spritdrycker m√•ste du verkligen ropa ""n√§r"" n√§r hon h√§ller drycken eller hon forts√§tter att g√• lol. Vi alla hade en blandning...av k√∂tt och skaldjur som kom ut snyggt kokta. En mycket trevlig nattMer",50,augusti 2018,SE,La Cala Barceloneta
Har varit p√• denna plats ett par g√•nger och blev inte besviken. Det √§r s√§kert sm√• inuti men platser utanf√∂r erbjuder dig fin utsikt och lugn atmosf√§r. N√•gra grunder f√∂r frukost √§r l√§ckra. G√∂r ditt stopp!,50,augusti 2018,SE,La Cala Barceloneta
"Trevligt st√§lle n√§ra stranden. Vi hade l√§tta tilltugg och espresso. Det var roligt att titta p√• spel p√• stranden, vissa v√•gade simma i det kalla havet.",40,mars 2018,SE,La Cala Barceloneta
"Vi kom 8. 45 till la cala och ingen var d√§r ens s√• det sa ""varje dag 08.30 -"" p√• d√∂rren. Vi var p√• v√§g att l√§mna men sedan i samma sekund kom personalen och openef upp p√• platsen. Vi gav dem lite tid och...kom igen omkring 09. 00. Jag hade acaibowl och det var mycket bra. Ocks√• tog avokado sm√∂rg√•s men var inte n√∂dv√§ndigt, acaibowl var tillr√§ckligt med mat. Trevligt st√§lle att √§ta frukost men se till att ha lite tid om du g√∂r det.Mer",40,oktober 2017,SE,La Cala Barceloneta
"Bara 100 meter fr√•n den ultrafrekventa v√§gen som g√•r fr√•n tunnelbanan till stranden √§r denna bar som en lugn √∂ i Barceloneta. Det har en trevlig terrass och en mat √§r h√§lsosam och bra men inte heller pretenti√∂s eller typisk spansk, vi f√∂rs√∂kte blanda f√§rska...frukter, hemgjorda kakor och de var b√•da stora.Mer",50,september 2017,SE,La Cala Barceloneta
"Det h√§r st√§llet √§r fr√•n den samma √§gare som ""La Roseta de Stranden Barceloneta"" och den mat och dryck √§r i princip samma. Alla √§r mycket god, men de har olika priser. . . Samma saker i ""La Roseta"" √§r billigare. D√§rf√∂r jag skulle rekommendera...att bes√∂ka den gamla l√§ge, samma kvalitet i den ursprungliga plats. Det enda plus fr√•n den nya plats skulle vara den trevliga soliga terrass.Mer",50,maj 2017,SE,La Cala Barceloneta
Mysig restaurang med h√§rlig atmosf√§r . Fantastisk personal med supertrevligt bem√∂tande.  Gener√∂sa tapasr√§tter som var mycket goda . √ñnskade vi var hungrigare n√§r vi kom dit . Ett perfekt avslut p√• en weekend i Barcelona,50,november 2021,SE,RA√ì Restaurant
Otroligt bra ihopsatt mat med en blandning av olika sm√•r√§tter av olika slag. Mycket trevlig personal. Perfekt avslut p√• en mysig vecka i Barcelona:),50,augusti 2021,SE,RA√ì Restaurant
Vi var 16 personer som fick en riktigt trevlig kv√§ll p√• Rao. Mycket god mat och en utm√§rkt och v√§ldigt personlig service. Missa inte Ankan!Mer,50,november 2019,SE,RA√ì Restaurant
"Andra bes√∂ket p√• Rao, levde verkligen upp till f√∂rv√§ntningarna. Fantastisk personal med glimten i √∂gat. Otroligt smakfull mat och en meny som har r√§tter som inte finns p√• alla restauranger. Blir nog ett tredje bes√∂k n√§sta g√•ng jag √§r i barcelona.",50,oktober 2019,SE,RA√ì Restaurant
"Detta var en v√§ldigt romantisk restaurang i en mysig gr√§nd. Maten h√∂ll extremt h√∂g kvalit√©, b√•de smakm√§ssigt och utseendem√§ssigt. Dessutom var personalen proffsig och uppm√§rksam! 5/5Mer",50,oktober 2019,SE,RA√ì Restaurant
Denna resturang har en fin resturanglokal och bra personal som ger en bra service .Bra tapas meny och j√§ttegod mat och dryck .Bra priser .Jag kan rekommendera denna fina tapas resturang .Mer,40,juli 2019,SE,RA√ì Restaurant
"God mat, super service. V√§ldigt trevlig lokal som ligger i en mysig gr√§nd. Pratar bra engelska. Bra ljudniv√•, g√•r att prata. Prisv√§rt.Mer",50,november 2018,SE,RA√ì Restaurant
Modernare tolkning av tapas. Vissa r√§tter √§r f√∂rb√§ttrade och vissa b√∂r f√∂rbli klassiker. Relativt dyrt i j√§mf√∂relse med andra tapas restauranger i Barcelona. D√§remot st√∂rre r√§tter. Entrecoten var en favorit. Finns b√§ttre st√§llen att bes√∂ka.Mer,30,augusti 2018,SE,RA√ì Restaurant
"V√§ldigt trevliga n√§r man kom dit, k√§ndes som att det h√§r √§r en bra restaurang. Att h√§r kommer vi l√§mna bra med dricks men i dem tappa servisen i slutet och det slutade med att vi l√§mnade ingen dricks alls. Dock v√§ldigt god matMer",30,augusti 2018,SE,RA√ì Restaurant
"Ett st√§lle som rekommenderas varmt, men boka g√§rna bord i f√∂rv√§g. Inte s√• m√•nga bord. Maten √§r helt fantastisk och jag g√•r g√§rna dit igen n√§sta g√•ng jag √§r i Barcelona.Mer",50,juli 2018,SE,RA√ì Restaurant
"Denna restaurang kan vi varmt rekommendera! J√§ttegoda fusionr√§tter i tapasstii, och  desserter‚ùóÔ∏èTv√• av drinkarna supergodaüëçüèª Vi testade Butternut squash, Pilgrimsmusslor, Griskind fr√•n Iberico gris och dessa var supergoda men h√∂jdpunkten var kycklingvingarna. Mama Mia s√• gott grillade p√• deras specialgrill Fotografen hann inte med att...Mer",50,juli 2018,SE,RA√ì Restaurant
Det var lagom stora portioner att dela p√• tv√• personer. De flesta tapasarna som vi pr√∂vade var goda. Godast var tempura avokado och r√∂dbetor. Patatas bravas var lite smakl√∂sa och br√∂det med tomat var f√∂r h√•rt. Sangrian var j√§ttegod. Servicen var b√§st i b√∂rjan och...Mer,30,juni 2018,SE,RA√ì Restaurant
Tapas var fantastisk har inte haft mat som det. Utm√§rkt service och mycket v√§nlig. Skulle rekommendera till alla,50,mars 2020,SE,RA√ì Restaurant
En annan facntastic natt h√§r. Vi kom f√∂rra sommaren och nj√∂t av v√•r middag s√• mycket. Det var j√§ttebra att se samma killar som arbetade h√§r och vi hade ett bra samtal. Tapasmat var √§nnu b√§ttre som jag kom ih√•g. Vi hade n√•gra av samma...tallrikar som f√∂rra g√•ngen som ducuk och tortilla och vi hade den nya oxtailstuvningen och den nya fisken (jag kan inte komma ih√•g namnet) men det var enast√•ende. Allt som allt en verkligt underbar kv√§ll.Mer,50,mars 2020,SE,RA√ì Restaurant
"Helt fantastiskt! ! ! !
Fantastisk, kreativ mat.
L√§ckert vin (och cocktails!!!)
Super h√•rt arbetande och trevlig personal - s√• tillm√∂tesg√•ende!
Kunde inte rekommendera denna plats mer h√∂gt
¬†15 av 10! ! !Mer",50,september 2019,SE,RA√ì Restaurant
"Vilket n√∂je det var att √§ta middag h√§r speciellt att se det √§r s√• centralt bel√§get. Dekorationen ger en god k√§nsla. De spanska tapasen var st√∂rre √§n vad jag f√∂rv√§ntade mig, bra pris och mycket v√§nliga servrar.Mer",50,september 2019,SE,RA√ì Restaurant
"Vi √•kte hit f√∂r att √§ta middag med v√•ra tv√• pojkar. Maten √§r bra. Det √§r som tapas men lite st√∂rre. Du beh√∂ver tv√• r√§tter per person. Min sk√§rm√•ring har kycklingvingar potatis bravas och 12 √•r hade grillad bl√§ckfisk och burrata matr√§tt. Jag hade paella,...n√∂tk√∂tt och min fru hade n√•gra r√§tter som hon inte brydde sig mycket om. Maten √§r av god kvalitet. Vi hade ocks√• ett par glas vin som var bra. Vi hade en rolig natt att utforska aww. Vi hamnade i El National f√∂r efterr√§tter och drycker.Mer",30,juli 2019,SE,RA√ì Restaurant
"Vi har rest v√§rlden hela tiden och f√∂rs√∂kt √§ta p√• de b√§sta restaurangerna som vi kan hitta och den h√§r var uppe om inte de B√ÑSTA. Maten var uts√∂kt, tillagad till perfektion, levereras i r√§tt takt och uppm√§rksamhet p√• service var oklanderligt. V√•r kammare Jason...gick ut ur sitt s√§tt att hj√§lpa oss, visade oss n√•gra r√§tter f√∂r att hj√§lpa oss g√∂ra v√•rt val och verkligen fick oss att k√§nna oss v√§lkomna. Jag kommer inte att beskriva varje matr√§tt som helt enkelt att vi inte kunde fel p√• n√•gon av dem och du skulle snabbt bli uttr√•kad med min gl√§dje. Visst kommer vissa g√§ster s√§ga att portionerna √§r sm√• men det √§r sj√§lva k√§rnan i tapas. Om de vill ha en stor, fet oljig m√•ltid f√•r de den inte h√§r. Detta √§r perfektion. Vad mer kan jag s√§ga?Mer",50,juli 2019,SE,RA√ì Restaurant
"Bes√∂kte h√§r ig√•r kv√§ll med mina ton√•rsd√∂ttrar och make efter att ha bokat ett bord p√• n√§tet. Fr√•n b√∂rjan blev vi gjorda att k√§nna sig mycket v√§lkomna. All personal var mycket uppm√§rksam. Vi b√∂rjade med n√•gra drinkar som var underbara. √Ñgaren rekommenderade n√•gra r√§tter och...vi best√§llde 7 mellan oss. Var och en fantastisk. Vackert presenterad och mycket smakrik. Vi lyckades √§ven n√•gra efterr√§tt som var lika l√§ckra.
Restaurangen sj√§lv √§r immaculate med modern men mysig inredning. En riktigt trevlig avslappnad atmosf√§r l√§ggs till v√•r √∂vergripande njutning.
Det √§r uppenbart att √§garna √§r extremt passionerade om vad de g√∂r och bryr sig mycket om att du njuter av alla aspekter av ditt bes√∂k som vi verkligen gjorde.
Ge det en tur och du kommer inte bli besviken. Tack till alla p√• Rao f√∂r en h√§rlig natt.Mer",50,maj 2019,SE,RA√ì Restaurant
"Underbar mat. . . Utm√§rkt betj√§ning. . . Bra val. Till och med v√§lkomnas med namn. Vi hade Anka, fl√§sk kind och beach calamari.Mer",50,mars 2019,SE,RA√ì Restaurant
"Ett litet mysigt st√§lle med cirka 25 sittplatser med v√§ldigt v√§l lagad mat. Vi √•t tapas b√•de klassiska och nya som vi inte hade prova f√∂rr. Allting var v√§ldigt gott. Maten kom in v√§ldigt snabbt och vi hade bra service vid bordet, vi var d√§r...dock ganska tidigt p√• kv√§llen.Mer",40,augusti 2022,SE,Taps
"Riktigt bra st√§lle. Litet, men mycket trevlig personal och j√§ttegod mat! Sangrian var underbar. Missa inte quesadillan.",50,november 2019,SE,Taps
Personlig snabb service utan p√•klistrat leende. Som hemma. F√• men starka matalernativ. Sangrian bland de b√§sta hittills. Vi best√§llde om tapas flera g√•nger. Stark rekommendation,50,juli 2019,SE,Taps
"Litet, ingen uteservering men mycket trevlig personal och maten var god. Sm√• bord, fick knappt plats med all mat, tur vi ""bara"" var 3.... V√§l v√§rt ett bes√∂k!",40,augusti 2017,SE,Taps
"En liten pittoresk restaurang p√• en tv√§rgata som visade sig servera den b√§sta tapas vi √§tit! Vi var p√• plats vid 19-tiden n√§r restaurangen √∂ppnade och vi var inte ensamma om att vilja √§ta d√§r, vi fick det sista bordet innan det var fullt. 

Mycket...trevlig personal och bem√∂tande. Vi best√§llde in flera tapasr√§tter som vi fick in i ett lagom tempo, allt smakade fantastiskt! Absolut en favorit som kommer bes√∂kas n√§sta g√•ng jag √§r i Barcelona!Mer",50,juli 2017,SE,Taps
"Kanonbra enkel tapaskrog. Mycket god och v√§llagad mat.  √Ñt oxkinden!  Vinerna √§r bra och bem√∂tandet perfekt.  Liten lokal s√• boka plats.  Enkel, gott och med ambition.",50,juli 2016,SE,Taps
En trevlig lokal Tapas restaurang med lagom stor meny. Allt vi √•t smakade gott och fick √§ven tummen upp av barnen! Prisv√§rt!,50,mars 2016,SE,Taps
"En genuin tapas restaurang. Servicen okej. Maten var ocks√• helt okej.
En del bra gindrinkar. Portionerna r√§tt sm√• vilket kanske b√∂r vara f√∂rv√§ntat av en tapasrestaurang.",30,augusti 2015,SE,Taps
"Jag var i Barcelona med flickv√§n och √•kte dit p√• rekommendation av n√•gra v√§nner fr√•n London. Vi hittade en dold p√§rla! Maten var uts√∂kt, bra kvalitet och v√§l presenterade. Jag har lite matallergier, men √§garen var oerh√∂rt hj√§lpsam n√§r jag ledde mig genom menyn och...f√∂reslog r√§tt kombinationer att prova. Och r√§tt var han. Till skillnad fr√•n m√•nga andra platser i Barcelona h√§lsas du med ett leende, av all personal, som verkar vara stolt √∂ver att se till att du bor med ett i ansiktet. Missusen var ocks√• n√∂jd, vilket g√∂r livet enklare. G√• till kranar. .Mer",50,december 2019,SE,Taps
"S√∂t liten restaurang, trevlig inuti och varmt v√§lkomnande. Fantastisk musik som spelas men viktigast av allt v√§lsmakande mat. Skulle rekommendera mini korvar, kycklingvingar och br√∂d & aioli. Lite dyrare √§n andra tapas vi bes√∂kte i Barca men inte alltf√∂r dyra.
Liten restaurang s√• beh√∂ver komma...dit tidigt, vi kom dit cirka 7. 15 och vi fick ett bord bra men det fylldes mycket snabbt. Om du f√•r ett val kan du be i bakrummet bort fr√•n baren eftersom vi uppt√§ckte att m√§nniskorna i baren som v√§ntade p√• bord s√•g p√• oss √§ta, n√§stan med ett ""skynda"" blick p√• deras ansikten!Mer",40,februari 2020,SE,Taps
"Riktigt bra liten plats. sl√§pps inte om det finns en k√∂ vid d√∂rren; det r√∂r sig snabbt och maten √§r v√§l v√§rt att v√§nta. Vinet √§r uts√∂kt och servicen f√∂rstklassig. Tydligt m√§rkt meny med alternativ f√∂r veggie och glutenfria ocks√•. En s√•dan stor fynd och...bara 5 minuters promenad fr√•n magiska font√§ner. G√•, du blir inte besviken!Mer",50,september 2019,SE,Taps
"Vi √§lskade denna restaurang. Vi anl√§nde omkring 630 och satt direkt. Det var en linje upp f√∂r att komma in vid 730 pm. H√§rlig personal och uts√∂kt mat och Sangria
H√∂gt rekommenderad.",50,september 2019,SE,Taps
"Vi kom fr√•n Ungern och hittade denna plats av misstag. √Ñven om det √∂ppnades endast klockan 18, l√•t de v√§nligt oss in 45 minuter tidigare. Maten var ocks√• bra, s√§rskilt stekt √§gg och fl√§sk. Vi rekommenderar endast denna plats:)",50,september 2019,SE,Taps
"Liten tapas restaurang bara en kort promenad fr√•n Crowne Plaza. En relativt liten meny mot n√•gra andra st√§llen men wow vad de g√∂r, de g√∂r det v√§ldigt bra!
Underbar hummus, fantastiska lokala korv, l√§ckra mexikanska quesadillas och helt unika svampkroketter f√∂r att n√§mna n√•gra, fyllda...med ett kn√§ckt organiskt r√∂tt vin rekommenderat av servitrisen.
Atmosf√§r & service var sublim & platsen hade en riktigt mysig, rustik k√§nsla.
Grymt bra ??Mer",50,juli 2019,SE,Taps
Vi f√∂rs√∂kte komma in h√§r i v√•r promenad till den magiska font√§nen. Det var packat och servit√∂ren f√∂rs√∂kte sitt b√§sta f√∂r att f√• oss ett bord men tyv√§rr fungerade det inte. Han f√∂reslog att g√• till showen och han skulle h√•lla ett bord f√∂r sju...av oss. N√§r vi kom tillbaka v√§ntade han p√• oss och vi satt genast. Vi best√§llde tapas och sm√∂rg√•sar och drycker och allt vi √•t var mycket bra. Tj√§nsten var fantastisk. Detta √§r en rolig plats. Glad att vi hittade det.Mer,50,april 2019,SE,Taps
"Gick till middag h√§r efter att ha g√•tt till den magiska font√§nen. Den b√§sta delen om denna restaurang var personalen, alla var s√• trevliga och v√§lkomna! Menyn √§r begr√§nsad men vi har haft allt som vi f√∂rs√∂kte. Verkar vara mer popul√§r bland turister √§n lokalbefolkningen.",40,mars 2019,SE,Taps
"Vi kom till denna restaurang efter att vi hade sett den magiska font√§nen visa som det var n√§ra och jag ville prova n√•gra tapas medan vi var i Barcelona! Personalen var verkligen v√§nliga och hj√§lpsamma, det hade en h√§rlig atmosf√§r och aperol spritz var stor....V√•ra favorit tapas var k√∂ttbullarna och hemlagad houmous var ocks√• fantastiska. Skulle definitivt komma tillbaka!Mer",50,mars 2019,SE,Taps
"Vi nj√∂t v√§ldigt mycket av denna lilla tapasplats, efter MNAC och f√∂re den magiska font√§nen. Maten var stor och rymde Gluten - Gratis: GF-potatis med √§ggr√§tt var en v√§lsmakande S√∂k. K√∂tt och ostbr√§da och sparris med tomatsyra var ocks√• bra. Trevlig v√§nta personal. Trevligt vin....Fina priser. Spelade amerikansk musik, som m√•nga platser g√∂r. Front rum med baren har trevligare atmosf√§r √§n bakrummet.Mer",50,mars 2019,SE,Taps
L√§s n√•gra recensioner h√§r och s√• gick vi och gav det ett skott. Jag √§r glad att vi gjorde det. Detta var den b√§sta restaurangen p√• v√•r resa! Absolut l√§ckra tapasmat med rimliga priser. Om jag var tvungen att rekommendera en restaurang i Barcelona skulle...det vara detta.Mer,50,december 2018,SE,Taps
"Vi har verkligen haft v√•r kv√§ll h√§r p√• kranar! Fr√•n s√• snart vi kom in i restaurangen vi kunde ber√§tta var en h√§rlig, mysig atmosf√§r. Det √§r lite inuti, s√• jag skulle inte rekommendera stora partier att komma hit. Det fanns 4 av oss och...vi rekommenderades mellan 7-9 r√§tter mellan oss. V√•ra r√§tter inkluderade n√•gra otroliga hummus, r√§kor, fl√§sk kind, patatas bravas och getter ost som var alla l√§ckra. Vi best√§llde ocks√• en flaska vin, √∂l och rum, och v√•r totala faktura kom till ‚Ç¨ 76 som vi trodde var extremt rimliga f√∂r tj√§nsten och mat vi levererades.Mer",50,oktober 2018,SE,Taps
"Ett litet st√§lle, med 5-6 bord. Bra mat och snabb och bra service. Rekommenderar deras Tina fish tapas och deras Argentinska k√∂tt.",40,november 2022,SE,Viana
"Fantastisk mat, bra och trevlig service, gott vin och bra l√§ge! Vi var 3 och alla var v√§ldigt n√∂jda med maten! Det √§r inte s√• stort, s√• det √§r bra att boka bord! Vi kommer v√§ldigt g√§rna tillbaka!",50,november 2022,SE,Viana
"Vi best√§llde in deras tapas. Utan tvekan bland de b√§sta jag n√•gonsin √§tit. Fin lokal, trevlig personal och underbart god mat! Hit kommer jag tillbaka n√§sta g√•ng vi √§r i Barcelona.",50,oktober 2022,SE,Viana
"Ett litet st√§lle med stor mat.
√Öt oxkind med s√∂tpotatis och ja vad s√§ger man s√•√•√• gott och efter√§tten Torrija helt otroligt gott.
Servicen f√∂rstklassig s√• m√•na om sina restaurang bes√∂kare
Kommer √•terkomma s√• fort jag kan
Men gl√∂m inte boka bord v√§ldigt litet",50,oktober 2022,SE,Viana
Fantastiskt mat och otroligt bra service. Firade min frus 40√•rsdag h√§r. Trevligt bem√∂tande vid bokning och de fixade ocks√• lite extra f√∂r att uppvakta min fru med s√•ng och t√•rta. Kan rekommenderas.,50,juli 2022,SE,Viana
"Faktiskt god mat och otroligt bra service! Ser inte mycket ut f√∂r v√§rlden, men kan verkligen rekommenderas. F√• bord, s√• boka i f√∂rv√§g.",50,april 2022,SE,Viana
Bokade bord genom The Fork och det fungerade perfekt. Maten och servicen √§r helt suver√§n. Jag tog lammet och det var absolut det godaste lamm jag √§tit. De bj√∂d p√• god kall soppa n√§r man satt sig. Ett m√•ste att bes√∂ka denna restaurang n√§r man...√§r i BarcelonaMer,50,augusti 2021,SE,Viana
"Fantastiska tapas och toppen service med trevlig personal! Sjukt goda drinkar! Vi bokade bord h√§r d√• vi l√§ste att det var s√§krast, s√• v√§rt minst ett bes√∂k!",50,juli 2019,SE,Viana
"Mycket bra tapasrestaurant.Vi hade inte bokat bord men det fixade den mycket trevliga personalen.Vi √•t tre r√§tter som bestod av osttapas ,potatabravas och filodegsrullar med r√§kfyllning och sweei chilis√•s till.Allt smakade underbart.",50,oktober 2019,SE,Viana
Vi reserverade ett bord h√§r inf√∂r v√•ran vistelse i BCN baserat p√• tripadvisorbetyg. Vi hade en fruktansv√§rt trevlig sittning d√§r maten stod i centrum. Vi best√§llde in lite tapas till att b√∂rja med som var j√§ttegoda. Huvudr√§tterna var v√§ldigt bra ocks√•. Och m√•ste l√§gga in...ett extra omd√∂me f√∂r bj√∂rnb√§rsmojiton som var extremt bra!Mer,50,juni 2019,SE,Viana
"Ett toppenst√§lle med trevlig personal och mycket god mat. Det √§r tr√•ngt och alltid fullt, men vi droppade in spontant och fick f√∂rst plats vid baren f√∂r att sedan f√• plats vid ett bord. Maten kom in snabbt och man blev bjuden p√• det d√§r...Mer",50,maj 2019,SE,Viana
"Ett mi dre st√§lle som ligger p√• en bakgata som utg√•r fr√•n en v√§lbes√∂kt plaza. S√• mycket b√§ttre att leta sig hit! Liten v√§lbes√∂kt restaurang, vi fick bord i baren till att b√∂rja med men fick snart ett bord i restaurangen. Maten √§r underbart god...Mer",50,maj 2019,SE,Viana
S√• fantastiskt braü§© S√• kunnig personal och otroligt god mat. En hel upplevelse med alla fina smaker.,50,mars 2019,SE,Viana
"Fullt fr√•n och med √∂ppning, boka bord! Mycket trevlig personal som f√∂rh√∂jer helhetsintrycket. Mycket bra tapas, tv√•-tre portioner/ person √§r lagom. Lite dyrare √§n medel, en tapas 8-11 euro men helt klart v√§rt det. Rekommenderar starkt ett bes√∂k.",40,november 2018,SE,Viana
Wow! Helt klart den b√§sta smakupplevelse vi fick i Barcelona! Gl√∂m ej boka bord! De tar snabbt slut!,50,oktober 2018,SE,Viana
Autentiska matupplevelse! S√•√•√• gott smakrik och v√§ll kryddad mat. Kan varmt rekommendera denna restaurang/vinbar. Utm√§rkt service i en fullpackad restaurang  √§ven vid baren.,50,november 2018,SE,Viana
"Helt fantastiskt god mat, b√•de f√∂r √∂ga och gom. Restaurangen √§r liten och l√§tt att missa och ser kanske inte s√• mycket ut f√∂r v√§rlden, men h√§r blir man inte besviken. √Ñven barnen som √•t kyckling tyckte att det var fantastiskt gott. Dessutom hade de...Mer",50,november 2018,SE,Viana
"S√• bra! Enkelt, supertrevligt och fantastisk mat. Ska du bes√∂ka en resturang √§r det denna! Litet st√§lle och k√∂ s√• kom i tid.",50,oktober 2018,SE,Viana
"Bra service, mycket god mat f√∂r lite pengar. V√§ldigt gott vi √§n till maten och trevlig st√§mning inne p√• restaurangen.",50,oktober 2018,SE,Viana
"Vi bokade via n√§tet, fick snabbt svar p√• v√•r bokning. 
Ett h√•l i v√§ggen med n√•gra bord inne i restaurangen. 
Vi fick ett h√§rligt bem√∂tande och m√•ste s√§ga att maten var uts√∂kt. Kommer mer √§n g√§rna hit igen.",50,oktober 2018,SE,Viana
Trevlig service och mat i mycket bra klass. Ett stenkast fr√•n la Sagrada Familia och inte en turistf√§lla! Vi delade p√• olika tapas och en pizza till lunch. Schysst lunchst√§lle.,50,februari 2022,SE,Paisano Bistro
"En riktigt bra liten restaurang, h√§r √•t vi lunch innan vi bes√∂kte La Sagrada Familia. Mycket god italiensk mat, b√•de pasta och pizza. Det finns √§ven tapas p√• menyn. Personalen √§r fr√•n Italien och √§r b√•de trevlig och hj√§lpsam. Kan varmt rekommenderas!",50,januari 2022,SE,Paisano Bistro
"En p√§rla mitt bland turistf√§llorna! Goda tapas, trevlig personal o bra service. Ser inte mycket ut f√∂r v√§rlden men har mycket att komma med. Kan varmt rekommenderas!",50,maj 2019,SE,Paisano Bistro
Ett smultronst√§lle med uts√∂kt mat och riktigt trevlig personal. Som att komma hem till en italiensk familj. Kan varmt rekommendera!Mer,50,november 2018,SE,Paisano Bistro
"Det h√§r trevliga lilla kaf√©et ligger p√• en parallellgata till Sagrada Fam√≠lia och l√§mpar sig perfekt f√∂r en l√§ttare lunch f√∂re bes√∂ket i basilikan. Eller varf√∂r inte efter bes√∂ket? √Ñgaren av kaf√©et heter Salvatore och √§r f√∂rresten ursprungligen fr√•n Neapel. Han st√•r sj√§lv f√∂r kvalitetskontrollen...av alla r√•varor som anv√§nds, och han ger mer √§n g√§rna rekommendationer betr√§ffande val av r√§tter. Menyn √§r f√∂ljaktligen n√§rmast Katalansk men med en l√§tt Napoletansk touch. Vid f√∂rsta bes√∂ket provade vi p√• lasagne som var alldeles uts√∂kt, och vid det andra bland annat bruschetta med sardeller och Manchego, och givetvis tortilla. V√§l v√§rt ett bes√∂k!Mer",50,november 2018,SE,Paisano Bistro
S√• himla gott! Deras toasts med guacamole √§r fantastiska. Sangria och kaffe likas√•. Och bra service. Rekommenderas!,50,september 2018,SE,Paisano Bistro
√Ñr ni ute efter ett genuint spanskt st√§lle d√§r maten √§r god och servicen √§nnu b√§ttre √§r det hit ni ska g√•!,50,juli 2017,SE,Paisano Bistro
Utm√§rkt f√∂r en snabb bit och ett mycket gott kaffe. Det √§r undang√∂mt p√• en ganska b√•r mycket n√§ra Sagrada Familia.,50,januari 2020,SE,Paisano Bistro
"Super v√§nlig personal fick oss att k√§nna oss v√§ldigt v√§lkomna. Bes√∂kte som en familj p√• 7 och √§t lunch. M√•nga alternativ lyckades vi alla hitta n√•got som vi tyckte om. Maten kom ut ganska snabbt och var till en riktigt h√∂g standard.

Super trevlig atmosf√§r,...k√§ndes inte som en turistf√§lla trots att vara s√• n√§ra Sagrada Familia.

H√∂gt rekommenderadMer",50,november 2019,SE,Paisano Bistro
"Vi f√∂rv√§ntade oss inte att denna lunch skulle vara bra med tanke p√• dess n√§rhet till Sagrada Familia, men det visade sig vara den enast√•ende minnesv√§rda upplevelsen fr√•n v√•rt bes√∂k i Barcelona.

Det finns en ganska l√•g nyckelk√§nsla till detta kaf√© fr√•n utsidan, men s√•...snart vi gick in (med en baby) fick vi k√§nna oss bekv√§ma och hemma.

Vi best√§llde lasagne och burrata och serranoskinka p√• toast. B√•da r√§tter var l√§ckra, men de v√§nliga handlingarna fr√•n √§garen och hans fru (vi tror) f√∂r att ta v√•rt barn fr√•n v√•ra h√§nder n√§r maten kom till√§t oss v√•r f√∂rsta ost√∂rda m√•ltid tillsammans av semestern!

Vi kommer tillbaka n√§sta g√•ng vi √§r i Barcelona!Mer",50,oktober 2019,SE,Paisano Bistro
"Hittade detta lilla kaf√© precis n√§ra ett mycket turistomr√•de som vanligtvis inte slutar bra, men till v√•r √∂verraskning var platsen stor. Maten var god och servicen var utm√§rkt.",50,oktober 2019,SE,Paisano Bistro
"Perfekt skinka, burrata, br√∂d, sangria. Ocks√• service och wifi!
Rekommenderar att bes√∂ka denna plats. Det kan vara b√§ttre att boka plats i f√∂rv√§g.",50,oktober 2019,SE,Paisano Bistro
"Om du √§r i Sagrada Familia m√•ste du bes√∂ka denna lilla restaurang, maten √§r utm√§rkt, servit√∂rerna √§r fantastiska. En liten skatt d√§r du kan k√§nna k√§rleken i maten. Tack!",50,juli 2019,SE,Paisano Bistro
Jag bes√∂kte Paisano Cafe med en grupp av mina v√§nner och det var helt fantastiskt. En s√•dan quirky och s√∂t liten cafe och min √§gg och guacamole toast var att d√∂ f√∂r. Tj√§nsten var stor och jag skulle definitivt rekommendera:),50,april 2019,SE,Paisano Bistro
"En stor familjedrivet caf√© bara stunder fr√•n La sagaida familia. Utm√§rkt service, delicioius mat och kylda bort fr√•n massorna. H√∂gt rekommenderad!",50,april 2019,SE,Paisano Bistro
"Detta lilla caf√© ligger bara ett kvarter fr√•n sagrada familia men det √§r en liten oas av lugn.
Vi var s√• glada att hitta den. Maten var uts√∂kt. Vi har haft det spanska antipasti och tomatbr√∂det. Den f√§rska lemonaden var en riktig h√∂jdpunkt. Personalen var...stor och det var bara s√• trevligt att sitta och ta tid √∂ver lunch efter en mycket upptagen morgon.Mer",50,april 2019,SE,Paisano Bistro
"√Ñr verkligen en av de b√§sta italienarna restauranger i Barcelona, enkla tallrikar rik p√• smak n√§ra avst√•nd fr√•n Sagrada Fam lia riktigt trevlig personal jag √•tnj√∂t m√•ltiden mycket jag f√∂rs√∂kte pasta napolitana och lasagne b√•da riktigt nice 10/10! det √§r definitivt v√§rt stoppetMer",50,april 2019,SE,Paisano Bistro
"Mat h√§r var uts√∂kt, fr√§sch och uppv√§rmning. Vi har grundligt haft v√•r mat och kaffe. Personalen var uppm√§rksam ocks√•. √Ñlskade det.Mer",50,april 2019,SE,Paisano Bistro
"Om jag skulle kunna ge denna Paisano Cafe 10 stj√§rnor skulle jag. Av alla st√§llen vi √•t p√• v√•rt bes√∂k i Barcelona var Paisano Cafe det absolut b√§sta, inte bara f√∂r att maten var uts√∂kt men f√∂r att de verkligen fick oss att k√§nna oss...som familj. ????????????????????Mer",50,oktober 2018,SE,Paisano Bistro
Maten var fantastisk och personal fick dig att k√§nna dig som familj. Hade den spanska omeletten. Min fru hade en stor sallad.,50,oktober 2018,SE,Paisano Bistro
"Som v√§n av god mat och bra r√•varor kan jag verkligen st√• bakom ett h√∂gt betyg p√• Gusto. Barcelona inneb√§r h√∂ga risker n√§r det kommer till maten, men h√§r blir man n√∂jd med vad man √§n best√§ller. Rimliga priser.",50,augusti 2017,SE,Gusto
"Jag och min sambo hade l√§st bra recensioner om Gusto, och n√§r vi anl√§nde dit var f√∂rsta intrycket mycket bra. Trevlig personal och fin restaurang, d√§remot var maten en besvikelse. Vi best√§llde varsin lasagne-r√§tt och b√•das var mycket smakl√∂sa och verkligen inget ut√∂ver det vanliga....Kanske √§r de andra r√§tterna b√§ttre, men f√∂r v√•r del k√§ndes det verkligen som bortkastade pengar d√• vi betalade.Mer",20,juni 2017,SE,Gusto
"B√§sta maten jag √§tit i Barcelona. Jag √§r ledsen Spanien, men italiensk v√§llagad mat sl√•r spansk dito alla dagar i veckan. Renato och Stefano fick oss att k√§nna oss som hemma. Vad ni √§n v√§ljer p√• menyn kommer ni inte att bli besvikna. Ett definitivt...m√•ste p√• n√§sta bes√∂k i Barcelona. Inte l√•ngt fr√•n Metro-station Hospital Clinic. Arrivederci!Mer",50,maj 2017,SE,Gusto
Mycket bra personal som skapar en familj√§r k√§nsla! Tr√∂ttnar man p√• tapas s√• √§r det h√§r st√§llet att g√• till! Maten var utm√§rkt!,50,maj 2017,SE,Gusto
"√Öt pizza, canneloni, lasagne o entrecote. Allt var j√§ttegott. Bra guidning till glutenfria alternativ. Hyfsad service.",40,november 2016,SE,Gusto
"Dyraste och ovanligaste pizzan jag n√•gonsin √§tit. Smakm√§ssigt var det ok.
Personalen var p√• alerten. Dock kanske lite v√§l snabbt eftersom den inbakade pizzans botten var lite degig.Mer",30,november 2014,SE,Gusto
"Valde gusto efter omd√∂men p√• Tripadvisor och blev inte besvikna. V√§l omh√§ndertagna vid ankomst. Bra service, barnen fick sj√§lva best√§lla och personalen tog sig tid med dem. God pasta och pizza med stora portioner. Glass till barnen och Tiramisu+espresso var underbara. Rekommenderas varmt.",50,oktober 2014,SE,Gusto
"Bra recensioner lockade hit oss. Restaurangen var i det n√§rmaste full och vi upplevde personalen som trevlig men lite stressad. Vi b√∂rjade med en enkel sallad f√∂r att sedan prova tv√• specialiteter - raviolis och friterad calzone. Raviolin, som dessutom serverades i en liten portion,...kom in 10 min f√∂re pizzan! Min fru hann √§ta upp maten innan jag fick min pizza. G√•r man ut och √§ter som par s√• m√•ste maten serveras samtidigt! Raviolin var god, men ett par av dem lite kalla. Pizzan kan man inte s√§ga n√•got om. Tydligen en specialitet fr√•n Napoli att fritera den. God i ett par tuggor, sen blir det inte gott l√§ngre. Men allt var bra tillagat och upplagt.

Det kan ha varit en s√§mre kv√§ll f√∂r dem, men vi hade f√∂rv√§ntat oss mer av b√•de service och mat.Mer",30,september 2014,SE,Gusto
"Grymm mat och bra service
Vi g√•r ofta dit och √§ter, servicen √§r bra och maten √§r den b√§sta i Barcelona och vi har provat m√•nga italienska restauranger i stan men Gusto √§r klart b√§st",50,,SE,Gusto
"Verkligen verkligen haft v√•rt bes√∂k h√§r. Helt enast√•ende italienska f√∂r v√•r kv√§ll i Barcelona, tj√§nsten var snabb, all personal var s√• v√§nlig och maten var uts√∂kt och den varma chokladsoffeln var himmelsk ett m√•ste bes√∂ka! !",50,februari 2020,SE,Gusto
"Otrolig m√•ltid - super trevlig personal, mycket engagerande, allt fr√•n Italien. . . . Burrata, aubergine parmesan och n√∂tk√∂tt carpaccio var fantastisk. . vegetabilisk risotto var det b√§sta jag n√•gonsin har haft. . . alla √§lskade sina pasta och pizza. . . Kvaliteten var fantastisk...och s√• var priserna! ! !Mer",50,januari 2020,SE,Gusto
"Har √§tit middag p√• Gusto den sista natten av v√•r Medelhavskryssning. Mat och service var enast√•ende. Vi var ett parti av 11 och de rymde oss vackert. Vi hade pizza, risotto, lasagne, Caesar sallad och mer. Vi hade ocks√• flera flaskor med utm√§rkt vin. Allt...som allt en h√§rlig kv√§ll.Mer",50,januari 2020,SE,Gusto
"F√∂rra torsdagen fl√∂g jag hem fr√•n Boston i en enorm sn√∂storm. N√§r jag kom hem till Barcelona sa jag till min man att jag var f√∂r tr√∂tt att laga mat. Han f√∂reslog att vi skulle prova pizza
placera GUSTO runt h√∂rnet av v√•r l√§genhet. Vi...gick. N√§r vi anl√§nde var platsen tom. Min make best√§llde 4 ostpizzan och en flaska mineralvatten.
Jag best√§llde svamppizzan och bad om ett glas kranvatten. V√§garen gick av! ! Han sa sarkastiskt till mig att de inte serverar kranvatten. Jag sa till honom att jag har levt i Barrcelona i 3 √•r. Jag borstar mina t√§nder varje dag med det och dricker det varje dag och jag har en utm√§rkt h√§lsa. Han sa n√•got of√∂rsk√§mt i Sanish och min man som spanska talade med honom. Till hans erk√§nnande beklagar servit√∂ren men det f√∂rst√∂rde hela middagen. Mitt f√∂rslag till Mercadon k√∂pa en fryst pizza f√∂r 3 euro. Jag kommer att bli b√§ttre kvalitet och smakar b√§ttre. V√•r r√§kning kom till 35 euro f√∂r 2 pizzor ett vatten och en √∂ken. Mitt f√∂rslag om du vill ha √§kta italienska, g√• till Greco. Det kan kosta mer men det √§r v√§l v√§rt det. Ship Gusto.Mer",10,december 2019,SE,Gusto
"Mycket varmt och trevligt st√§lle. B√§sta pizza. Jag hade calzone med ost och skinka b√•de p√• insidan och utsidan. Personalen var stor, speciellt servern Dario!Mer",50,december 2019,SE,Gusto
"Jag gick med mina v√§nner till restaurangen, och vi √§lskade det! ! Maten √§r fantastisk, bra st√§lle att vara med v√§nner och personalen var super trevlig och v√§nlig! ! Jag kommer s√§kert att √•ka dit oftare! !",50,maj 2019,SE,Gusto
"Jag h√§ngde p√• lite pasta, men s√• mycket i Barcelona √§r st√§ngd p√• s√∂ndag; Jag s√∂kte bara ""pasta"" i n√§rheten, och Gusto var den enda som var √∂ppen till 4. 30 pm. Bra resultat - fantastiska menyn, jag hade linguine skaldjur serveras i en tinfoil...v√§ska, min fru hade fyra ost pizza (ingen tomat s√•s). B√•da underbara. Varje matr√§tt om 13 euro, personal h√∂g intensitet bra service, bra atmosf√§r, ett par utanf√∂r bord. Rekommenderad.Mer",50,maj 2019,SE,Gusto
"Vi kom hit p√• grund av den h√∂ga betyg p√• tripadvisor. Tyv√§rr m√•ste det reella betyget vara mycket l√§gre. Pizzorna var inte d√•liga, men inget s√§rskilt. D√•lig vinlista. Sallader - OMG. . . . Desserter - fr√•n snabbk√∂pet.Mer",30,april 2019,SE,Gusto
"Njut av en trevlig m√•ltid h√§r, tj√§nsten var utm√§rkt. Mat mycket v√§lsmakande och valda valda gick bra med v√•r m√•ltid.Mer",50,april 2019,SE,Gusto
"Jag hade h√∂rt bra saker om denna restaurang och det var definitivt v√§rt m√•ltiden. B√•de v√•ra pasta och pizzor var riktigt bra. Jag hoppades p√• en plats lite trevligare, eftersom det var mer avslappet att jag f√∂rv√§ntade mig. Som sagt, f√∂r en avslappnad atmosf√§r var...det verkligen fantastisk mat.Mer",50,oktober 2018,SE,Gusto
"Bra personlig service. Omfattande meny och vinlista, s√• mycket att v√§lja mellan, beroende p√• din budget.",40,oktober 2018,SE,Gusto
"Vi gick hit 2 ggr p√• v√•r resa. De √§r k√§nda f√∂r sina pannkakor, ett tips √§r att dela den med n√•gon d√• de √§r stora och s√∂ta, samtidigt goda! Till frukost rekommenderar jag varmt avokado toast eller vegan breakfast! Hit vill jag g√• igen!",40,maj 2022,SE,Cremat 11
"Vi √•t Banana pancakes o en avokado sandwich. Super gott! Kan verkligen rekommendera deras Samgria. H√∂gklassiga drinkar med spansk touch. Vi kommer g√§rna igen! 
+f√∂r bra Wi-Fi",50,april 2022,SE,Cremat 11
"Helt fantastiskt! Ett m√•ste i Barcelona ! L√•t bilden s√§ga sitt... Magiska smaker, Mom nom  Say no more üëå",50,mars 2020,SE,Cremat 11
"N√§r vi l√§ste menyn s√•g det ut som att det serverades enklare frukost h√§r, men oj vad maten var l√§cker! Pannkakorna var s√•√• goda och precis lagom s√∂tt med citrons√•sen. Rekommenderar starkt detta st√§lle! Ligger intill Picassomus√©et.",50,oktober 2019,SE,Cremat 11
"Lite och mysigt st√§lle d√§r man kan v√§lja inne eller utebord. Runt h√∂rnet fr√•n Picassomuseet.Kul och sp√§nnande meny och v√§ldigt gott. Otroligt trevlig personal med stort fokus p√• service. Vi fick v√§nta en stund p√• efterr√§tt, vilket inte gjorde n√•got alls men de kom med...tv√• drycker som en gullig gest. Vi hade inte ens t√§nkt p√• att det dr√∂jde. Man vill verkligen komma tillbaka. Vi satt bredvid ett par som √§tit brunch d√§r tidigare under dagen. üëåMer",50,oktober 2019,SE,Cremat 11
"Helt fantastisk mat!!
Suver√§n service, mycket personlig och mysig n√§rvaro
Extremt mysig atmosf√§r!!!
Mycket mysig familje restaurang!!",50,juli 2019,SE,Cremat 11
"Du skulle bara inte hitta den h√§r platsen om du bara undrade runt Barcelona vilket √§r s√• synd eftersom det var fantastiskt, restaurangen √§r liten men s√• s√∂t och snygg och maten var verkligen fantastisk, vi hade bananpannkakestacken (utan banan ) och det var VERKLIGT...de √§tliga blommorna och saltade kameras√•s tog den till en annan niv√•, min partner hade korv och chips - som var s√• f√§rskt s√• v√§lsmakande och inte som du kunde ha hemma. Perfekt brunch! ! Rekommenderar varmt att du bes√∂ker:)Mer",50,januari 2020,SE,Cremat 11
"Utm√§rkt mat, bra milj√∂ (√§ven p√• en regnig dag, mycket bra belysning), mycket varm personal och mycket snabbt!
¬†100% rekommenderar (bl√•b√§rspannkakorna √§r dr√∂mska). Och priset √§r mycket r√§ttvist f√∂r kvaliteten p√• maten!",50,januari 2020,SE,Cremat 11
Utm√§rkt mat och vibe. Jag √§lskade tj√§nsten! ! Mycket varm atmosf√§r! Perfekt brunch. Jag rekommenderar verkligen!,50,januari 2020,SE,Cremat 11
"Imponerande Benedict. L√§ckra pannkakor. Kaffe var inte fantastiskt, men det f√∂rst√∂rde inte upplevelsen p√• n√•got s√§tt.Mer",50,januari 2020,SE,Cremat 11
"Jag publicerar aldrig en recension om TA men i det h√§r fallet k√§nde jag mig tvungen att g√∂ra det. . .

Jag hade en brunch d√§r i november och det var en s√• stor upplevelse att jag best√§mde mig f√∂r att √•terv√§nda till middag och...sedan bara f√∂r drinkar. Jag kommer inte att tala om brunch, ingen mening, andra m√§nniskor har sagt tillr√§ckligt, det √§r utan tvekan det b√§sta i Barcelona och faktiskt, deras pannkakor √§r att d√∂ f√∂r.

Vad jag blev f√∂rv√•nad √∂ver var kv√§llens atmosf√§r, stilrena men samtidigt gemytlig, cocktailsna √§r utm√§rkt blandade och personalen som arbetar d√§r √§r verkligen super chatty, extremt trevlig. Vi var med ett g√§ng v√§nner och vi hade det riktigt bra.

Middagen var igen extremt bra, mycket bra valuta f√∂r pengarna. Naturligtvis √§r det inte s√• billigt som vissa andra platser, en liten premie till√§mpas och s√• borde det. Jag hoppas att de kommer att uppr√§tth√•lla dessa priser s√• att de kan uppr√§tth√•lla en s√•dan kvalitet som √§r mycket s√§llsynt f√∂r denna typ av platser i Barcelona. Jag bes√∂ker denna fantastiska stad m√•nga g√•nger om √•ret och g√∂r det till en punkt att bes√∂ka m√•nga barer och restauranger och jag m√•ste s√§ga att denna plats √§r min nya favorit. √Ñrligt talat, i en s√•dan stor m√§ngd alternativ i Barcelona, √§r denna plats verkligen uppfriskande s√• hattar till teamet och ledningen d√§r! !

Tveka inte bara, kom dit och njut av Kremat 11-upplevelsen, oavsett om det √§r brunch (ett riktigt M√ÖSTE!) Eller √§ta middag, du ska inte √•ngra det.Mer",50,november 2019,SE,Cremat 11
Fantastiskt st√§lle i det gotiska kvarteret bredvid Picasso-museet Bin vax vax gin cocktail var helt enkelt AMAZING och platsen har en mycket mysig atmosf√§r. Jag f√∂rs√∂kte inte maten men det s√•g trevligt ut. Personalen √§r ocks√• v√§ldigt cool och v√§nlig! Rekommendera definitivt denna plats!Mer,50,oktober 2019,SE,Cremat 11
"Vi kom f√∂r brunch i morse. Hade avokado toast och bl√•b√§rspannkakor, b√•da riktigt l√§ckra. Personalen √§r riktigt trevlig och v√§nlig.
Skulle rekommendera till vem som helst.Mer",50,oktober 2019,SE,Cremat 11
"Jag var h√§r med n√•gra v√§nner och desserterna vi tog var v√§ldigt l√§ckra. Aida, flickan som tj√§nade oss, var ocks√• riktigt trevlig.Mer",50,juli 2019,SE,Cremat 11
Inga tvivel DEN B√ÑSTA BRUNCHEN vi hade i Barcelona! (Och vi har varit p√• andra popul√§ra platser s√• vi kan j√§mf√∂ra!). Det smakar s√• gott som det ser ut. Vi hade Rancheros och √§gg Benedict och de var perfekt kokta. Defiantly kommer tillbaka innan vi...l√§mnar Barcelona! !Mer,50,april 2019,SE,Cremat 11
Vi letade efter sangria i Barcelona och hittade det i Cremat 11! F√§rskt och gott som det borde vara. Cocktails var ocks√• l√§ckra! F√∂rresten √§lskade vi bara de rosa stolarna och lamporna. Definitivt en mysig plats att ha en sen middag p√•.,50,april 2019,SE,Cremat 11
"Stora vibbar, vacker inredning och bra mat! Jag kommer definitivt tillbaka brunchen var uts√∂kt b√§sta √§gg Benedict! ! Personalen & tj√§nsten var stor min servitris var underbar.",50,april 2019,SE,Cremat 11
"Detta √§r v√§l bel√§get restaurang i centrala Barcelona i n√§rheten av n√•gra av de b√§sta museerna i staden, Picasso museet √§r fantastiskt.
Det finns en trevlig terrass f√∂r uteservering och dryck. Restaurangen √§r mycket v√§l utformad, personalen √§r mycket v√§nlig och mycket v√§lkomnande och √§r...ivriga att behaga dig.
Maten √§r enkel, ren och fr√§sch. Den anv√§nda produkten √§r den f√§rskaste och s√§songsbetonade.Mer",50,april 2019,SE,Cremat 11
"L√§cker, nyberedd s√§songsbetonad mat tillagad p√• best√§llning. Mat √§r fantastiskt, fr√•n brunch till tapas, det finns n√•got f√∂r alla i denna familjedrivna restaurang, bel√§gen n√§ra Picasso-museet. Ett varmt v√§lkomnande v√§ntar! Spanska och engelska talas",50,mars 2019,SE,Cremat 11
"Utm√§rkt mat i en fantastisk atmosf√§r, allt du vill ha i en hamburgare, b√§sta hamburgare vi n√•gonsin har haft. Uppm√§rksam och mycket trevlig personal, definitivt v√§rt ett bes√∂k.",50,december 2019,SE,b Restaurant
"Vi saknade vara Burger, men d√• ins√•g att vara restaurang √§r detsamma bara st√∂rre och p√• annan plats.
Burgers √§r AMAZING! ! ! Utan tvekan √§r de b√§sta i Barcelona. Ocks√• frites och desserter! Personalen √§r s√• v√§nlig och bra priser.
Helt rekommenderat! ! !",50,januari 2019,SE,b Restaurant
"Vi var en grupp av 6 v√§nner (3 par) i v√•ra 30 s f√•ngar upp efter sommarsemestern. Vi blev greated vid d√∂rren av Marc, en av √§garna och hj√§rtat och sj√§len av den ber√∂mda ""be Burger"" och √§ven den nyare ""vara Restaurant"".

Restaurangen atmosf√§ren √§r...verkligen v√§lkomnande. De visar upp ett bra hantverk f√∂r hantverk som de vet v√§l, s√• du kan fr√•ga om rekommendationer om du √§r os√§ker. Vi hade n√•gra patatas bravas till att b√∂rja med och de skulle d√∂ f√∂r; inte bara f√∂r att s√•sen var en riktigt hemlagad ""brava"" s√•s men f√∂r att potatisarna sj√§lva var kokta till perfektion av kock Albert, den andra √§garen.

Som huvudr√§tt hade jag be - Dali, en fantastisk 150 g k√∂ttpatty med foie och confit l√∂k kokta exakt som jag bad om. Mina v√§nner f√∂rs√∂kte vara - Pol, var - Mozart och var - Dolce Vita och de var alla f√∂rv√•nad √∂ver kvaliteten p√• alla ingredienser och noggrann presentation och pl√§tering. Vi avslutade m√•ltiden med deras hemlagade vita chokladostkaka som var den perfekta senast ber√∂ring f√∂r en minnesv√§rd middag.

Ingen av oss var vegan eller vegetarian men de erbjuder ett bra urval av veganhush√•llare och m√•nga alternativ till tr√§dg√•rdar som g√∂r ""vara restaurang"" v√§ldigt v√§nliga f√∂r m√§nniskor med kostbehov.

Platsen f√∂r ""vara restaurang"" √§r perfekt eftersom det ligger bara 5 minuters promenad fr√•n centralstationen Sants Estaci och det ligger ocks√• precis vid ""Enten a"" stopp p√• den bl√• tunnelbanelinjen (L 5). Omr√•det √§r avslappnat men centrerat samtidigt. Detta √§r ett bra val om du vill g√• ut efter middagen eller om du vill vila vid bordet bara chill.Mer",50,september 2018,SE,b Restaurant
Mycket god mat! Extremt ren restaurang med en v√§nlig atmosf√§r! Mycket hj√§lpsamma och sn√§lla saker! Helt f√∂reslagna! ! !,50,augusti 2018,SE,b Restaurant
"En s√•dan bra upplevelse! Mina v√§nner och jag gick till Barcelona n√•gra dagar och vi hittade denna plats, utm√§rkt uppm√§rksamhet, b√§ttre mat (√§ven har vegan alternativ!)
¬†Den b√§sta delen av alla desserter! Vi f√∂rs√∂kte n√•gra av dem och vi enades om att r√∂d sammet √§r...b√§st!
¬†Och helt √∂verkomligt, alla m√•ste komma och prova!Mer",50,januari 2018,SE,b Restaurant
Stor erfarenhet med v√§nner! ! Fantastisk plats att njuta av en fantastisk bit k√∂tt! ! Jag kommer tillbaka snart! !,50,februari 2018,SE,b Restaurant
"Gick hit p√•grund av alla bra betyg dem f√•tt, var verkligen det s√§msta st√§llet vi √§tit p√• tyv√§rr. Best√§llde in 8-10 r√§tter , alla kom in med l√•ng tid emellan . Alla var extremt tr√•kiga . N√§r vi hade √§tit upp och betalat och var...p√•v√§g d√§rifr√•n kom tydligen sista r√§tten ut , detta sa dem inget om d√• vi betalade. Allt som kom ut var p√• vitt torrt br√∂d.

√Ñn idag √§r vi f√∂rv√•nade att det kan ligga s√• bra rankat i Barcelona.Mer",10,juli 2018,SE,Bar Xapako
Trevlig kvarterskrog med mycket bra tapas! Vi blev rekommenderade en kombination av tapas som smakade v√§ldigt bra! Rekommenderas!Mer,50,oktober 2018,SE,Bar Xapako
"Vi √•t tapas och det var underbart gott och mycket prisv√§rt! Personalen var engagerad och trevlig, de bj√∂d ocks√• p√• en extra tapasr√§tt samt varsitt glas Cava ut√∂ver det vi best√§llt, gulligt!Mer",50,juli 2018,SE,Bar Xapako
V√§ldigt bra tapas bar!! Bra v√§rde f√∂r pengarna! Trevlig och duktig personal! 5 av 5. Kommer absolut √•terv√§nda,50,juli 2018,SE,Bar Xapako
"Var imponerad av ett antal utm√§rkta recensioner och kom till en fredag kv√§ll middag med min son.

Kunde inte t√•la lukten n√§r vi gick in, f√∂rpackningar med berusade ungdomar runt, vita shabby v√§ggar, shabby golv och en utsliten bordfotboll vid ing√•ngen.

Kanske √§r maten god,...men kan inte matcha den med en d√•lig lukt. Det √§r ocks√• sv√•rt att f√∂rest√§lla sig att det √§r en familjeplass (under dagen?). Beslutade att inte stanna och inte prova maten.Mer",20,mars 2020,SE,Bar Xapako
"Jag var h√§r med min familj p√• 7. Det √§r en mycket mysig plats full av lokalbefolkningen, vilket ger dig en fantastisk k√§nsla av Barcelona. Maten k√§nns hemlagad och du f√•r stort v√§rde f√∂r det du betalar. Personalen √§r oerh√∂rt v√§nliga och hj√§lpsamma. Vi √•kte...tillbaka flera g√•nger inom v√•r vistelse. H√∂gt rekommenderad! ! :)Mer",50,november 2019,SE,Bar Xapako
"Vi best√§mde oss f√∂r att √•ka hit baserat p√• de bra recensionerna vi l√§ste och det gjorde inte besviken! Det h√§r √§r bra √§rlig mat tillagad av bra √§rliga m√§nniskor, och jag √§r glad att rekommendera det! Varje matr√§tt som vi hade √•tnj√∂t grundligt av...v√•r grupp av 5, och vi √§lskade patatabravasen s√• mycket att vi best√§llde en andra platta! Muchas gracias!Mer",50,oktober 2019,SE,Bar Xapako
"Denna restaurang var en av de b√§sta middagsupplevelserna som min fru och jag n√•gonsin haft. Varje mat vi √•t var uts√∂kt: vaktel√§gget, Iberico-skinkan, traditionell katalansk korv & b√∂nor, oliver, paprika ... och sangria och vin var det b√§sta vi har haft efter en vecka med...provtagning. √Ñgaren tog underbar v√•rd av oss under hela v√•rt bes√∂k, gav oss rekommendationer och utnyttjade sin tid och en √∂vers√§ttnings-app f√∂r att s√§kerst√§lla att ingenting f√∂rlorades mellan spr√•k f√∂r att f√∂rklara det traditionella k√∂ket. Som turister tror jag att den b√§sta m√∂jliga utl√§ndska matupplevelsen inkluderar varm g√§stfrihet, uts√∂kt mat och en k√§nsla av neds√§nkning i den inhemska kulturen; denna restaurang levererade dessa och l√§mnade oss p√• en absolut k√§nslom√§ssig h√∂jd f√∂r att √•terv√§nda till v√•rt hotell. Vi √•t och behandlades som royalty. Detta √§r en restaurang som drivs av speciella m√§nniskor och √§r ett m√•ste f√∂r alla bes√∂kare i denna fantastiska stad.Mer",50,oktober 2019,SE,Bar Xapako
Utm√§rkt plats med tapas och lokal mat. Var h√§r med barn alla gillade denna mat och service.,50,augusti 2019,SE,Bar Xapako
"Som m√•nga s√§ger, ser inte s√• mycket. Personal mycket v√§nlig, mat riktigt bra om du tar h√§nsyn till priss√§ttningen. Sammantaget erfarenhet mycket bra, ger knappast 5 stj√§rnor!",40,juli 2019,SE,Bar Xapako
"Stor liten h√•l i tapasbaren p√• v√§ggen! Om du letar efter n√•gonstans tyst och lokalt, utanf√∂r misshandlad s√∂kv√§gen, s√• √§r det h√§r baren! V√§nlig service, fantastisk mat och fantastiskt v√§rde. Vi serverades faktiskt gratis tapas med v√•ra drycker h√§r, vilket √§r mycket ovanligt f√∂r Barcelona....H√∂gt rekommenderad!Mer",50,april 2019,SE,Bar Xapako
"Hamburgesaesa med √§gg var en av de b√§sta jag n√•gonsin har haft, mycket bra √∂l, kvalitet / pris √§r orealistisk, mycket bra och verkligen verkligen n√∂jd.",50,april 2019,SE,Bar Xapako
"Baserat p√• en annan TripAdvisor recension vi hade l√§st, vi best√§mde oss f√∂r att √§ta middag p√• denna lilla nugget! Som beskrivet √§r platsen inte mycket att titta p√• n√§r du f√∂rst skriver in, l√•t dig inte luras av det underbara s√§ttet som personalen f√•r...dig att k√§nna dig som hemma! Maten var exklusivt fenomenal! Vi best√§mde oss f√∂r att prova lokala favorit aptitretare, snarare √§n en m√•ltid av ett objekt f√∂r var och en av oss. Pojke, slog vi n√•gonsin guld! Menyn, som ocks√• √§r tillg√§nglig p√• engelska, gav bilder p√• de saker som vi var tvungna att v√§lja mellan. Paco, √§garen, var artig och v√§nlig och erbjuder f√∂rslag n√§r det beg√§rdes b√•de f√∂r libations och mat val. F√∂r dem som gillar en smidig tequila, var noga med att prova Don Fulano Anejo! Den s√§ljs till ett mycket v√§lkomnande pris! ! Paco rekommenderade n√•gra lokala viner att f√∂rs√∂ka ocks√•, och vi capped av kv√§llen med den mest uts√∂kta tiramisu jag n√•gonsin har haft, f√∂ljt av en valn√∂t sprit som var utm√§rkt! Jag hatade n√§stan att skriva denna recension av r√§dsla f√∂r att Bar Xapako kommer att √∂verskridas i framtiden! Du kommer inte √•ngra att stanna h√§r f√∂r en utm√§rkt m√•ltid! !Mer",50,februari 2019,SE,Bar Xapako
"S√• vi hittade Bar Xatapa fr√•n dess Trip Advisor recensioner och det var n√§ra v√•r AirBnB - andra recensioner √§r plats p√•. En f√∂rutbest√§md fasad eller inredning - enkel - men fantastisk tapas och √∂verl√§gsen, uppm√§rksam och gener√∂s service. Paco - jag tror att han...√§r √§garen - var s√• v√§nlig och gjorde v√•r erfarenhet s√• mycket kul - det fanns massor av lite extra mellan v√•ra best√§llningar - en tallrik med ost eller chorizo eller jamon iberica - cocktails √§r fantastiska och s√• rimligt prissatta. De lokala vinerna var ocks√• riktigt bra! Det fanns tv√• tapas som var fantastiska: en var blodkorv med karmaliserade l√∂kar och den andra var ett stekt √§gg √∂ver frites, blodkorv och jamon - Wow-ostar l√§ckra ocks√• och vi slutade med choklad lavakakan och en tiramisu-go - bara g√• - du kommer inte bli besviken - en h√∂jdpunkt i v√•r resa till Barcelona!Mer",50,februari 2019,SE,Bar Xapako
"Vi bes√∂kte denna lilla p√§rla i b√∂rjan av oktober och hade en fantastisk m√•ltid d√§r.
Initialt var barman ganska upptagen med lokala kunder men n√§r √§garen anl√§nde behandlades vi utm√§rkt.

Han rekommenderade bl√§ckfisken en lokal matr√§tt med omelett och jamon, det var uts√∂kt.
Vid slutet...av v√•r middag behandlades vi ocks√• ett skott, och det var slutf√∂randet av en bra start p√• v√•r korta resa till Girona.Mer",50,oktober 2018,SE,Bar Xapako
Vi hade h√§r enorma tapas goda drycker med billiga och en stor servit√∂r som f√∂rklarade mycket om tapas och deras smak. Det var v√§ldigt sn√§llt och vi k√§nde oss mycket v√§lkomna. N√§r som helst igen!,50,oktober 2018,SE,Bar Xapako
Bara hemskt. Det var v√§ldigt smutsigt och ingen vet n√•got spr√•k. . . Inget annat att l√§gga till faktiskt. ? !,10,september 2018,SE,Bar Xapako
"Xapako hade en fantastisk atmosf√§r, inklusive en v√§nlig servispersonal med utm√§rkt mat rekommendationer. Maten var j√§ttebra, s√•som var cava.",50,augusti 2017,SE,Bar Xapako
"Jag m√•ste erk√§nna, efter alla hippa & trendiga tapasbarer i n√§rheten, var jag tveksam till Xapako, jag borde inte ha varit.
Det √§r en √§kta Barcelona bar med l√§cker mat och varm, tillm√∂tesg√•ende personal som uppmuntrar dig att prova lokala specialiteter och linger over middag....Tapasbarer om maten men √§ven folket. G√• hit om du vill ha en h√§rlig upplevelse av b√•de och.Mer",50,augusti 2017,SE,Bar Xapako
"Underbara v√§rdar, s√• v√§lkomnande. Rekommenderas lokala r√§tter, all mat var uts√∂kt. Lokal √∂l och cava enast√•ende. Helt avslappnad atmosf√§r. Vi kommer definitivt att √•terv√§nda f√∂re avresan Barcelona!",50,augusti 2017,SE,Bar Xapako
"B√§sta tapas restaurangen i Barca.
Vi fick s√• god mat att hela familjen fortfarande pratar om maten. Vilken service och bem√∂tande vi fick av personalen. Toppklass och inget att klaga p√• under v√•r weekend √∂ver midsommar. Ett stort tack till restaurangenüòÉ",50,juni 2022,SE,Diegos Bar Restaurant
V√§ldigt goda tapas och trevlig personal. K√§ndes v√§lkomnande och tillm√∂tesg√•ende. Absolut v√§rt ett bes√∂k!,40,juli 2019,SE,Diegos Bar Restaurant
Mycket trevlig resturang med gedigna r√§tter och service i v√§rldsklass! V√§l v√§rt ett eller flera bes√∂k!,40,juli 2019,SE,Diegos Bar Restaurant
Bra paella och k√∂tt. Fantastiska tapas. L√§ckra viner. Bra service. Allt i en mysig atmosf√§r och till rimliga priser.,50,mars 2020,SE,Diegos Bar Restaurant
"F√∂rsta dagen i Barcelona ville vi ha paella till lunch. Vi hittade Diego's och de hade en pre fixe lunchmeny som inte inkluderade paella men vi best√§mde oss f√∂r att stanna och prova och WOW det var allt super l√§ckert. Vid v√•r sista dag beslutade...vi att √§ta middag h√§r igen. (detta √§r viktigt - vi √§ter n√§stan aldrig p√• samma plats tv√• g√•nger om inte maten var fantastisk) Personalen var √•terigen v√§nlig och gjorde spektakul√§ra rekommendationer. Vi fick √§ntligen v√•r paella och andra tallrikar och maten, dryckerna och servicen var ingenting annat √§n fantastiskt! ! √Ñlskade och rekommenderar definitivt utan att tveka.Mer",50,februari 2020,SE,Diegos Bar Restaurant
S√∂kte efter en plats d√§r jag skulle √§ta lunch och Diegos plats var i n√§rheten s√• jag best√§mde mig f√∂r att bes√∂ka den. N√§r jag kom in och s√•g en personal som jag r√§knar ut m√•ste detta vara en familjerestaurang som inte kan vara en...d√•lig sak. Personalen √§r mycket v√§nlig och servicen var utm√§rkt. Maten var l√§cker med trevligt vinparring f√∂reslog. Ur min synvinkel √§r det v√§rt att bes√∂ka. H√•ll med och muchas gracias! ?Mer,50,februari 2020,SE,Diegos Bar Restaurant
"Stannade p√• Catalonia Artenas precis runt h√∂rnet.
Vi bad om rekommendationer fr√•n hotellpersonalen men de riktade oss bara till stadens centrum.
Wow vi gick p√• v√§gen f√∂r att hitta detta fantastiska matst√§lle.
H√§rliga viner och v√§nlig prat.
Tillbaka i morgon tror vi! !",50,januari 2020,SE,Diegos Bar Restaurant
"detta √§r en upplevelse f√∂r alla. vi amerikaner √§ter snabbt p√• morgnarna. vi s√•g skylten f√∂r en amerikansk bfast framf√∂r butiken p√• en l√•ng vandringsdag. Vi beslutade att g√• √∂ver n√§sta morgon. f√∂rutsatt att de skulle vara √∂ppna st√§ngdes de klockan 9. ingen biggie. gick...tillbaka n√§sta dag klockan 11 och de var st√§ngda. s√• vi √•kte klockan 20 n√§sta natt, wala, de var √∂ppna. Vi har haft drycker och l√§tt mat. dryckerna var fantastiska och maten var uts√∂kt. Det var s√• roligt, vi gick tillbaka n√§sta natt f√∂r drycker. Diego √§r en h√•rd arbetare och verkar verkligen njuta av hans hantverk.Mer",50,september 2019,SE,Diegos Bar Restaurant
"Vi hade en bra middag p√• Diegos restaurang i g√•r kv√§ll. Maten var helt uts√∂kt?. Tj√§nsten var f√∂rsta klass. Duran, √§gare, var s√• uppm√§rksam p√• oss och andra kunder. Priset var mycket rimligt.

Det var v√•r b√§sta middag i Barcelona! Vi kommer definitivt tillbaka till...middag p√• Diegos n√§r vi bes√∂ker Barcelona i framtiden.Mer",50,juni 2019,SE,Diegos Bar Restaurant
"Du hittar inte en snygg butiksfront eller elegant inredning, men maten var enast√•ende och personalen o√∂vertr√§ffad i sin kundv√•rd. Vi √•kte hit v√•r f√∂rsta natten i Barcelona eftersom det var n√§ra hotellet och vilken trevlig √∂verraskning. Tapas och sangria var l√§ckra. V√•ra servit√∂r var bortom...v√§nliga, vi kommer inte ih√•g hans namn och fr√•gade aldrig sin st√§llning i restaurangen, men om han inte var √§garen, kanske han borde vara. S√• gott och trevligt, vi √•kte tillbaka till middag v√•r kv√§ll ocks√•.Mer",50,juni 2019,SE,Diegos Bar Restaurant
"B√§sta m√•ltid vi hade under v√•ra fem dagar i Barcelona. Och vi √•t √∂verallt fr√•n hamnen olympique, sagrada familia, la rambla, el clot och marinan. Min fru ville i b√∂rjan inte √§ta h√§r som det f√∂ref√∂ll vara n√•gra l√•nare i restaurangen men n√§r vi kom...in uppt√§ckte vi att alla andra beskyddare var sittande l√§ngre tillbaka i restaurangen. vi √•tnj√∂t den iberiska skinka och torskfettar f√∂r att b√∂rja med tillsammans med en kanna av sangria som var uts√∂kt. medan f√∂r huvud jag hade hummer medan min fru hade den thail√§ndska curry.
Om du undrar var du ska √§ta i el clot rekommenderar jag starkt Diegos. *****Mer",50,mars 2019,SE,Diegos Bar Restaurant
Jag slutade av denna restaurang av en slump f√∂r en sen lunch och √•tnj√∂t min tapas. H√∂jdpunkterna var de l√§ckra hemlagade svampkroketterna - de b√§sta croquetas jag n√•gonsin har √§tit. Tj√§nsten var utm√§rkt och jag gjordes att k√§nna sig mycket v√§lkommen som en ensamresen√§r. Skulle...rekommendera om du letar efter n√•gonstans enkelt med hemtrevlig mat och inte alltf√∂r fussed om den vanliga inredningen.Mer,50,mars 2019,SE,Diegos Bar Restaurant
"Stor S√∂k n√§ra Clot tunnelbanestation! Jag drogs till platsen av det positiva betyget och blev inte besviken alls, till den punkt som jag gick tillbaka till middag tre dagar i rad. Varje g√•ng vi var v√§ntade av Diego sj√§lv och en kollega, tv√• mycket v√§nliga...och v√§nliga herrar. Mat presenterades oklanderligt och smakade l√§ckra (fr√•n croquettes till bl√§ckfisk, r√§kor och desserterna), liksom gratis kryddor lik√∂r vi erbj√∂ds i slutet av v√•r m√•ltid.
Denna mysiga och smakfullt inredda restaurang rymmer + 20 kunder.Mer",50,februari 2019,SE,Diegos Bar Restaurant
"Vi hade lunch i denna lilla restaurang inte l√•ngt fr√•n Sagrada Familia, f√∂r att starta v√•r semester i BCN och det var ett bra val! Platsen sj√§lv √§r inte stor, och s√• √§r det tyst och praceful, med personalen otroligt mild och glad. Vi f√∂rs√∂kte...typiska tapas, paella och lokala desserter och allt var AWESOME.
Viktigt: F√∂rs√∂k deras SANGRIA! Du kommer √§lska det! !Mer",50,december 2018,SE,Diegos Bar Restaurant
"Vi hade en grupp p√• 12 promenad och Diego sj√§lv satt oss och v√§ntade p√• oss ocks√•. Han var en underbar herre och extremt v√§nlig. Vi hade tapas och paella och √§ven curry chicken dish. En tallrik var b√§ttre √§n n√§sta. Sangria var fantastiskt, liksom...mojitos. Om du letar efter en lokal restaurang med bra autentisk mat saknar du inte Diego! ! ! !Mer",50,oktober 2018,SE,Diegos Bar Restaurant
Sm√• pittoreska plats. V√§nlig och uppm√§rksam personal. G√•sostsallad med en balsamisk senapsdressing och drizzled med en hallonss√•s √§r utm√§rkt. F√∂rmodligen det b√§sta jag har haft. muttrarna l√§gger ocks√• till den perfekta crunchen. Solomilobiffen serveras med pommes frites och pimientos del padron var ocks√• enast√•ende. Mycket...n√∂jd med kv√§llen.Mer,40,september 2018,SE,Diegos Bar Restaurant
"En fantastisk liten bar restaurang med mycket trevlig personal.
Maten var enast√•ende. Vi fick getter ost sallad, entrec te och stekt bl√§ckfisk.
G√•sostsallad stal absolut showen. Det var f√∂rmodligen den b√§sta salladen jag n√•gonsin har √§tit i mitt liv.
Ett trevligt s√§tt att avsluta v√•r...kv√§ll i Barcelona.Mer",50,maj 2018,SE,Diegos Bar Restaurant
"Diego's Bar Restaurant √§r verkligen fantastisk, v√§nlig service och kreativt k√∂k. Det √§r en bankett f√∂r synen med uppfinningsrik och vacker presentation i varje matr√§tt. Ocks√• dekorationen √§r mysig, eklektisk och elegant. Du kan lukta kryddorna genom alla milj√∂er, de olika aromen flyter i luften...som f√§rska √∂rter, nybakat br√∂d, doftl√∂k och l√∂k, skaldjur grillat, nybryggt kaffe och den viktigaste lukten av historia. Det h√§r var ett m√∂te med flera kulturer, vi kunde h√∂ra olika l√§nguajer blandade med ljud fr√•n k√∂ket som redskapet tinklade, ingredienserna squeaking, n√•gra kastrull sizzling ganska i perfekt harmoni. Strukturen av ingredienser √§r ett annat vittnesb√∂rd om noggrann uppm√§rksamhet √•t kvaliteten. De h√•ller koktiden att visa sig vara krispighet eller mjukhet i enlighet med m√•ltiden. Och sist men inte minst √§r smaken fantastisk. Det √§r en gastronomisk resa i varje bit och betonar de typiska spanska smakerna. Cocktails och drinkar √§r uts√∂kta och med oslagbar presentation. Definitivt vill jag g√• tillbaka f√∂r att √§ta i Diego's Bar Restaurant n√§r jag bes√∂ker Barcelona. Det √§r bra valuta f√∂r pengarnaMer",50,maj 2018,SE,Diegos Bar Restaurant
rimligt prissatt mat var stor och kaffe att d√∂ f√∂r att rekommendera h√§r f√∂r en m√•ltid mycket ren och v√§lkomnande.,50,november 2017,SE,Diegos Bar Restaurant
"Spiste h√§r med mina f√∂r√§ldrar n√§r vi just kom fram till helgen i Barcelona. Medan det var v√§ldigt tyst, maten var mycket bra och f√∂rslaget till tapas var plats p√•! Croquettas, bravas, empanadillas, jamon, tortilla. . . allt var mycket bra och v√§lsmakande!

Tillsammans med...n√•gra glas r√∂tt hade vi verkligen en trevlig kv√§ll, tack!Mer",50,november 2017,SE,Diegos Bar Restaurant
,50,december 2022,SE,Bella Venezia
